retirer|December
v√©ritable|really
hier|break
r√©mun√©r√©es|still
celle|limits
rue|never
d√©roger|A
facilit√©|coasted
pas|not
amendes|simply
souvent|times
r√©adapter|closer
gr√¢ce|blessings
faudrait|at
permettez|conclude
adopt√©es|times
programmes|within
-|pressure
tenir|A
mentionner|attorneys
mati√®re|better
d√©put√©|member
les|women
deux|both
Canadiens|purpose
35,000|35,000
compte|account
profondeur|solutions
importe|creation
utiles|purposes
sorte|complex
vous|you
Technologie|science
p√™che|boats
confuse|complex
id√©e|ought
eu|consent
mobilis√©|mobilized
M.|(
peut|lead
langue|employees
motion|motion
autochtones|really
m√©thode|really
punies|prostitutes
assurait|while
fournisseurs|suffer
Forrestall|Forrestall
poisson|account
certains|collective
propri√©t√©|ownership
pertinents|future
√©pine|backbone
exerc√©|solutions
en|some
quand|solutions
exercer|never
Don|better
Valley|better
contacter|contact
rayon|science
r√©clame|intensive
estime|debate
embranchements|intend
commencent|suffer
;|denigrated
administration|Board
Rendons|blessings
gouvernement|government
producteurs|suffer
professionnelle|creation
ciel|blessings
collective|collective
√©tude|intensive
est|quite
appuis|mobilized
dynamique|ownership
budg√©taire|while
touchent|Moncton
concessions|weaker
m√©tier|never
√©galit√©|something
permis|licence
√™tre|future
rendre|making
r√©gler|simply
qui|another
travailleuses|still
et|and
par|handling
une|left
provinciale|attorneys
pu|supplementaries
Tr√©sor|Board
d√©pr√©ci√©|denigrated
oui|yet
encore|most
ils|they
voir|collective
taire|sit
ont|they
jusque|around
canadienne|while
√©taient|while
m√©canisme|really
m√™me|complex
expos√©|while
confin√©es|still
crise|coasted
Moncton|Moncton
certaines|limits
d√©j√|intend
ma|my
Halifax|Halifax
travers√©|coasted
assur√©ment|bit
dis|something
le|the
d√©cembre|December
poursuis|commissionners
cru|deemed
facile|making
chauffeur|contact
suivi|attorneys
le1er|November
aurait|denigrated
payer|simply
fais|debate
suppl√©mentaires|supplementaries
Britannique|Columbia
conditions|times
aussi|discuss
pr√©sident|Chairman
dorsale|backbone
popularit√©|coasted
laissait|left
solutions|solutions
demande|term
a|refer
avant|sit
servent|backbone
autre|one
lorsque|35,000
la|does
insuffisant|suffer
√©tat|account
empi√®te|limits
personne|simply
cela|right
promotion|Board
2|2
savez|times
fl√®che|coasted
sentir|prostitutes
donc|licence
compr√©hensible|understandable
sujet|November
publique|ownership
saisie|future
lien|complex
depuis|Board
lui|complex
organis√©|solutions
complexe|complex
soci√©t√©|society
ai|any
d√©clare|answers
autorit√©|better
tenu|account
entendre|lead
(|(
chacun|complex
produits|products
l√©gal|purposes
s√©rieuse|threat
transforment|intensive
inflationniste|lead
besoin|need
$|$
application|really
instamment|intensive
ici|around
ou|public
loisirs|entertainment
canadien|December
sexuel|purposes
autres|other
aider|employees
sert|justification
bonne|good
Toronto|Toronto
prisons|system
dont|purpose
d√©penser|Cabinet
utilit√©|bit
chef|November
communiqu√©|attorneys
demandes|handling
moiti√©|while
fournisseur|discuss
poser|supplementaries
sur|said
pr√©tend|something
trahi|break
installations|handling
f√©d√©rale|Board
tous|side
commissaires|commissionners
pr√®s|around
propres|employees
250,000|around
industrie|while
langage|any
temps|handling
devraient|ought
√©t√©|making
souvenons|backbone
ill√©gal|contact
constituer|threat
rencontr√©|never
cabinet|Cabinet
sociale|Board
construction|lead
travaillent|35,000
sein|creation
efficaces|system
sera|contact
poss√®dent|products
stigmatis√©es|prostitutes
retenir|ought
Conf√©d√©ration|threat
oeufs|December
printemps|last
¬´|term
travers|mobilized
l√|when
objet|vote
soci√©t√©s|lost
ordre|please
mauvaises|times
participation|really
garde|while
remercie|thank
menace|threat
enfants|entertainment
veut|35,000
mesures|last
pipe|handling
but|purpose
c√¥t√©|side
tr√®s|counterparts
ministre|Minister
cr√©er|consent
nos|boats
√©videmment|mobilized
consid√©rables|mobilized
fermer|intend
novembre|November
menuisiers|Moncton
mais|women
fournir|answers
libert√©|limits
fins|purposes
moi|conclude
R√®glement|rise
6.42|Moncton
moins|bit
co√ªte|boats
seules|prostitutes
principes|ought
,|,
√©conomie|backbone
fix√©es|limits
reviendrai|boats
lignes|lines
trop|handling
:|:
COJO|deemed
proposerais|Forrestall
ci|yet
gagne|35,000
fabrication|products
doit|must
co√ªter|lost
meilleure|better
invoque|rise
on|when
faisons|future
justice|supplementaries
agir|airline
secteurs|backbone
recherche|around
¬ª|term
incapable|answers
europ√©ens|counterparts
r√©sultats|results
serons|weaker
cr√©ation|creation
collectivit√©|suffer
√©prouver|collective
jouets|entertainment
beaucoup|said
raison|justification
commenter|sit
services|suffer
bien|right
comit√©|committee
saisi|solutions
songeaient|intend
conf√©rence|attorneys
peuvent|airline
point|system
pourrait|threat
aucune|none
budget|last
chose|good
b√©n√©fices|while
d√©put√©s|members
presque|intensive
recommandations|commissionners
√©gard|collective
instant|lines
crois|good
dans|when
cette|cost
Colombie|Columbia
vu|break
bon|deemed
population|answers
renvoi|A
aust√©rit√©|last
jours|boats
ferroviaire|term
il|than
compagnies|airline
affaiblis|weaker
bient√¥t|future
tel|never
facultatives|making
homme|35,000
octroy√©s|around
son|he
avait|really
prostitu√©es|prostitutes
avenir|last
ressentir|suffer
exemple|example
aide|closer
28|consent
tout|understandable
gu√®re|Board
√©galement|side
position|denigrated
genre|any
leurs|simply
49|prostitutes
commerce|purposes
dire|both
donne|ought
sait|answers
t√¢ches|still
fa√ßon|none
efficace|ownership
assurance|airline
promesse|break
faire|something
emplois|creation
sa|break
argent|Cabinet
1975|attorneys
entre|complex
savons|intensive
homologues|counterparts
gr√©|discuss
transports|Transport
gagner|lost
d√®s|suffer
car|intensive
pris|handling
5.23|Moncton
emploi|something
inqui√©ter|lines
d√©cision|yet
partage|argument
je|I
actuellement|future
relations|counterparts
pays|country
un|come
gens|intensive
Sciences|science
Chambre|House
femmes|women
.|.
faut|making
presse|attorneys
cet|Cabinet
octobre|attorneys
aimerais|attorneys
tiens|any
voulait|never
se|those
f√©d√©raux|creation
commercialisation|December
revenu|suffer
choisir|discuss
interroger|last
Verdun|denigrated
toute|blessings
vote|vote
partis|side
clients|discuss
loi|Bill
davantage|complex
si|cost
fois|break
leur|their
que|them
analyse|future
)|(
Pr√©sident|times
obligatoire|really
devons|system
signal√©|November
poursuivre|thank
inform√©|deemed
fasse|vote
o√π|purpose
consid√©rable|lead
agricole|while
annonc√©es|last
sont|are
public|public
mat√©riel|suffer
r√©adaptation|system
permanent|consent
conclure|conclude
approfondie|intensive
tandis|while
persuad√©|denigrated
question|question
saurait|A
subventions|around
cons√©quence|deemed
passe|licence
√|federal
√©ducation|around
assez|collective
jamais|never
changements|handling
r√©union|deemed
a√©riennes|airline
cr√©atrice|ownership
comme|an
Un|A
va|lost
devrait|science
1|1
veulent|results
quelque|closer
scrupule|any
parler|discuss
permettre|thank
pense|term
me|continue
ministres|collective
exporte|purpose
!|!
Office|December
toutes|purposes
ni|really
vivre|blessings
allait|December
charg√©|responsible
criminels|intensive
procureurs|attorneys
aspects|said
pouss√©e|lead
nombreuses|products
parmi|still
animaux|purpose
tard|boats
acc√®s|something
premier|Prime
b√©n√©fici√©|Board
ann√©es|years
unit√©|threat
laiss√©|lead
monsieur|Mr.
rien|forthcoming
pr√©sente|complex
fortement|side
lecture|commissionners
juin|consent
avons|deemed
demander|contact
avoir|employees
parce|debate
oppos√©s|side
garantir|limits
renseignements|future
applique|lost
3|3
particulier|sit
commerciales|counterparts
contre|Moncton
√©tudier|handling
rues|purposes
d√©claration|November
y|given
seule|never
√âtat|science
bravo|hear
avec|how
√©quit√©|creation
chargement|term
cautionnement|simply
prise|yet
int√©r√™ts|justification
complexes|collective
cependant|however
responsabilit√©s|ought
agit|debate
notre|our
balay√©s|while
envisag√©e|counterparts
adresse|Transport
500|licence
pr√©sent√©|prostitutes
long|handling
quoi|35,000
25|licence
r√©serve|account
exclusivement|better
ce|this
plaisir|consent
soucier|purpose
fait|was
prison|simply
exp√©rience|products
projet|Bill
fiscales|lost
d√©bat|debate
isolant|closer
pouvaient|simply
pour|another
femme|wife
droit|licence
tellement|weaker
pourra|future
mettre|system
ne|not
limites|limits
ces|concerned
d√©sirent|Cabinet
b√¢timent|boats
devient|suffer
?|?
mont√©|coasted
programme|lead
opposition|November
esp√®re|hope
de|by
lois|times
savoir|December
essentiel|vote
forestiers|products
tour|airline
ravage|solutions
mal|still
recettes|lost
laisser|supplementaries
distribution|products
hui|today
rentable|justification
s√©rieusement|justification
n√©gociation|collective
avancement|employees
grand|consent
imagine|yet
elle|bit
employ√©s|employees
adopt√©e|motion
lieu|making
terme|term
avis|argument
indiqu√©|intend
line|handling
Mulroney|break
s√©curit√©|blessings
raisons|intensive
cas|purpose
nantis|bit
conna√Ætre|science
semblent|collective
sanctions|making
courantes|handling
appliquer|making
suis|denigrated
g√©n√©ral|debate
plus|will
famille|wife
devrions|weaker
progresser|something
situation|complex
voudrais|like
ses|another
quant|any
appui|Forrestall
venait|simply
East|Forrestall
questions|supplementaries
nous|we
comment|contact
elles|simply
C|prostitutes
Orateur|Speaker
restaient|simply
aujourd'|today
Conseil|Board
permettant|really
assister|deemed
prostitu√©e|contact
pr√©ciser|debate
outre|threat
manque|lost
g√©n√©raux|attorneys
moment|yet
oh|oh
non|better
r√©ponse|answers
parole|supplementaries
f√©d√©ral|Moncton
examiner|look
crime|solutions
cit√©|ownership
envisager|solutions
√©normit√©|solutions
taxi|contact
nationale|threat
aurons|weaker
institut|around
restreints|limits
