can|agir
coasted|facilit√©
within|programmes
science|Technologie
hope|esp√®re
blessings|Rendons
left|laissait
ownership|propri√©t√©
how|avec
simply|amendes
break|hier
stayed|amendes
results|r√©sultats
want|r√©sultats
-|Forrestall
into|compte
Cabinet|d√©penser
consent|eu
really|v√©ritable
35,000|35,000
backbone|√©pine
them|facile
employees|langue
answers|d√©clare
society|soci√©t√©
supplementaries|pu
around|jusque
discuss|aussi
while|assurait
motion|motion
sit|taire
Speaker|Orateur
let|permettez
any|langage
Mr.|monsieur
threat|s√©rieuse
denigrated|;
lead|peut
contact|contacter
from|permis
Forrestall|Forrestall
debate|estime
conclude|permettez
turn|agir
better|mati√®re
Don|mati√®re
Valley|mati√®re
account|compte
native|v√©ritable
intensive|r√©clame
said|aspects
products|produits
agreed|motion
driver|contacter
passenger|contacter
equity|pr√©tend
building|peut
attorneys|mentionner
program|peut
agriculture|assurait
refer|mati√®re
limits|celle
collective|certains
hear|bravo
sides|aspects
purpose|Canadiens
making|facile
handling|demandes
airline|agir
use|langage
deemed|cru
bail|amendes
mobilized|mobilis√©
process|v√©ritable
last|printemps
think|crois
intend|embranchements
technology|Technologie
saw|hier
effective|propri√©t√©
item|taire
if|amendes
considerable|mobilis√©
member|d√©put√©
general|estime
closer|r√©adapter
its|langue
rise|R√®glement
given|embranchements
money|d√©penser
A|d√©roger
Moncton|touchent
times|souvent
term|demande
more|taire
bit|assur√©ment
down|taire
enforcement|v√©ritable
view|cru
Halifax|Halifax
economy|√©pine
link|sorte
he|son
become|s√©rieuse
wife|femme
poor|assur√©ment
November|le1er
isolate|r√©adapter
subject|mati√®re
obviously|assur√©ment
type|langage
much|remercie
might|peut
is|encore
up|permis
government|gouvernement
solutions|profondeur
a|prostitu√©e
shipped|Canadiens
October|mentionner
very|tr√®s
forthcoming|rien
Bill|loi
education|jusque
Governments|souvent
complex|sorte
myself|mati√®re
therefore|Forrestall
pertinent|printemps
House|Chambre
criminals|r√©clame
has|mais
raises|printemps
people|assur√©ment
not|pas
husband|35,000
both|deux
2|2
prostitutes|punies
quite|bien
continue|remercie
that|gr√¢ce
method|v√©ritable
forest|produits
system|prisons
serious|s√©rieuse
upon|taire
conference|mentionner
ought|id√©e
look|examiner
assist|langue
putting|id√©e
where|35,000
their|leur
(|(
growers|fournisseurs
evidence|compte
suffer|fournisseurs
too|demandes
family|femme
through|facilit√©
reference|d√©roger
now|pertinents
provincial|mentionner
popularity|facilit√©
boats|p√™che
seconded|Forrestall
voluntary|facile
ensuring|v√©ritable
have|devrions
years|ann√©es
rehabilitation|prisons
$|$
ensure|celle
programs|programmes
spring|printemps
may|langue
do|d√©penser
Opposition|le1er
loading|demande
Toronto|Toronto
will|plus
unity|s√©rieuse
earn|fournisseurs
freedom|celle
my|ma
need|besoin
proceeds|assurait
argument|partage
most|encore
still|r√©mun√©r√©es
little|administration
members|d√©put√©s
segments|√©pine
December|retirer
country|pays
issued|jusque
anybody|r√©adapter
Prime|premier
ravages|profondeur
meeting|cru
women|femmes
community|fournisseurs
250,000|jusque
were|assurait
taken|compte
constrained|celle
lost|soci√©t√©s
support|mobilis√©
please|ordre
state|compte
inadvisable|cru
you|vous
again|hier
I|je
bargaining|certains
national|s√©rieuse
counterparts|europ√©ens
caused|profondeur
one|autre
Minister|premier
never|rue
none|fa√ßon
prostitute|contacter
these|ces
remember|√©pine
announcement|retirer
¬´|demande
activity|jusque
imposed|celle
days|p√™che
sees|aussi
begin|fournisseurs
licence|permis
punished|punies
greater|peut
language|langage
but|facilit√©
became|v√©ritable
does|assur√©ment
mean|35,000
tax|soci√©t√©s
insurance|agir
form|√©pine
spend|d√©penser
future|pertinents
Budget|printemps
responsibilities|id√©e
away|assurait
aggressive|propri√©t√©
6.42|touchent
presented|punies
,|,
privilege|remercie
than|concessions
laws|souvent
:|:
weaker|concessions
COJO|cru
soared|facilit√©
some|pu
Leader|le1er
deep|profondeur
lot|aspects
side|c√¥t√©
on|y
attend|cru
thank|remercie
tired|certains
it|rendre
and|et
bring|r√©adapter
¬ª|demande
report|pertinents
fine|amendes
urge|r√©clame
essentially|v√©ritable
well|souvent
stock|compte
minister|ministre
make|objet
ghettos|r√©mun√©r√©es
Columbia|Britannique
customers|aussi
there|fait
feeling|punies
course|mobilis√©
services|fournisseurs
Transport|transports
sure|;
pretends|pr√©tend
indication|embranchements
should|s√©rieusement
point|R√®glement
with|partage
qualms|langage
budget|assurait
which|celle
context|id√©e
street|rue
mechanism|v√©ritable
applied|soci√©t√©s
of|ai
count|Rendons
speech|assurait
gives|punies
be|√™tre
confusing|sorte
industry|agir
fully|compte
between|sorte
word|hier
demand|demande
28|eu
makes|sorte
no|rien
good|chose
position|;
yet|oui
or|ou
get|touchent
say|pr√©tend
right|bien
who|rue
49|punies
Canada|Canadiens
far|jusque
profits|assurait
bad|souvent
informed|cru
Canadian|assurait
1975|mentionner
changes|demandes
information|pertinents
Confederation|s√©rieuse
fit|aussi
only|punies
backs|printemps
wanted|rue
choose|aussi
purposes|utiles
5.23|touchent
offer|fournisseurs
relations|europ√©ens
revenue|soci√©t√©s
move|Forrestall
other|autres
justification|sert
must|doit
ground|concessions
.|.
Chairman|pr√©sident
committee|comit√©
creative|propri√©t√©
rather|facile
going|permis
this|cette
half|assurait
today|hui
way|punies
commissionners|poursuis
bound|d√©roger
June|eu
many|produits
job|r√©mun√©r√©es
was|fait
cost|si
Verdun|;
his|hier
vote|objet
supplier|aussi
incomes|fournisseurs
went|poursuis
Dartmouth|Forrestall
soon|fournisseurs
hooker|rue
)|(
understandable|compr√©hensible
terms|soci√©t√©s
close|embranchements
aware|souvent
suggested|peut
involved|v√©ritable
creation|importe
CEMA|retirer
employment|pr√©tend
public|ou
Board|administration
carpenters|touchent
time|lignes
under|contacter
those|lignes
entertainment|loisirs
when|l√
question|question
interest|sert
safe|Rendons
particular|soci√©t√©s
liberty|d√©roger
applications|demandes
about|lignes
would|sujet
clear|objet
toys|loisirs
confined|r√©mun√©r√©es
indicated|le1er
1|1
railroad|demande
unlawful|contacter
allowed|pu
me|permettez
watched|assurait
branches|embranchements
!|!
authority|mati√®re
seriously|europ√©ens
come|p√™che
act|agir
another|ses
streets|utiles
pay|amendes
considered|europ√©ens
been|√©t√©
issue|objet
easy|facile
cut|printemps
hon.|d√©put√©s
sex|utiles
standing|eu
person|celle
pipeline|demandes
facilities|demandes
something|pr√©tend
are|sont
work|35,000
grants|jusque
see|r√©sultats
like|voudrais
stressed|propri√©t√©
followed|facile
directed|transports
press|mentionner
3|3
what|id√©e
am|;
careers|langue
advance|langue
Government|administration
sick|certains
analysing|pertinents
withdrawing|retirer
trade|europ√©ens
us|√©pine
corporations|soci√©t√©s
show|administration
500|permis
fairness|pu
parties|c√¥t√©
long|demandes
25|permis
establishment|eu
met|rue
European|europ√©ens
study|r√©clame
unanimous|eu
we|nous
ruling|soci√©t√©s
prison|prisons
earning|35,000
already|embranchements
lines|lignes
research|jusque
at|faudrait
announced|printemps
legal|utiles
just|taire
depart|d√©roger
responsible|charg√©
near|pertinents
disagree|partage
two|pu
could|s√©rieuse
decision|oui
fee|permis
British|Britannique
him|r√©adapter
inflationary|peut
consider|profondeur
order|ordre
yesterday|hier
experience|produits
?|?
record|mentionner
all|c√¥t√©
meaningful|prisons
opposition|c√¥t√©
so|oui
workers|r√©mun√©r√©es
important|importe
swept|assurait
affirmative|administration
i|pense
an|comme
distribution|produits
selling|utiles
matter|europ√©ens
political|souvent
inadequate|fournisseurs
know|d√©clare
across|mobilis√©
hard|sert
example|exemple
routine|demandes
manufacture|produits
reached|oui
absolutely|fa√ßon
federal|touchent
advanced|partage
concerned|lignes
even|sorte
specific|taire
for|f√©d√©rale
to|√
Mulroney|hier
in|par
seem|certains
allowing|remercie
treasury|administration
understandably|sorte
ask|contacter
sanctions|facile
addition|s√©rieuse
reasons|r√©clame
own|langue
along|demandes
also|c√¥t√©
our|nos
however|cependant
extent|profondeur
situation|Canadiens
principles|id√©e
supply|fournisseurs
buying|utiles
intents|utiles
hang|certains
noted|eu
East|Forrestall
they|ils
violate|celle
determine|sert
the|le
1985|eu
questions|printemps
ministers|certains
comment|taire
then|taire
release|mentionner
C|punies
pressure|peut
organized|profondeur
getting|certains
out|Canadiens
CDC|propri√©t√©
action|rien
take|sert
stigmatized|punies
oh|oh
animals|Canadiens
go|pu
whole|id√©e
whether|sert
crime|profondeur
raise|amendes
feel|estime
introduce|prisons
regard|certains
made|utiles
by|par
as|d√©cision
taxi|contacter
realize|profondeur
each|compte
rooted|profondeur
institute|jusque
