,0
prouvÃ©,goals
candidature,wishes
agroalimentaire,Agriculture
mondiale,global
contribue,situations
lettres,print
vieilles,distance
retirer,wishes
occupons,Corporation
rÃ©ussissons,mobilizing
mot,''
choisir,choose
amplifie,consensus
environnement,e
postsecondaire,secondary
importer,"25,000"
environ,talking
ouest,unions
Bryce,nose
doute,Timmins
crÃ©Ã©s,decades
riche,acclaim
fort,Stronger
abondance,momentum
24L,runway
5,adjusted
voter,vote
population,answers
fonction,service
distribution,manufacture
moulÃ©es,print
six,short
Ã©coles,transacting
leÃ§on,Windsor
entrer,enters
avenir,future
consultatif,perfect
signalÃ©,Leader
fois,parliament
honnÃªtetÃ©,Expansion
rÃ©visÃ©e,alphabetical
ouvert,unsealed
plus,most
LA,OF
remonter,rationalize
chiffres,figure
Lester,laureate
adoptÃ©e,motion
ruraux,realities
climat,climate
Ã©tait,passed
Arts,educational
entretenir,constant
devenu,became
Ã©lÃ©mentaire,evaluated
rien,technique
commerciale,sold
poursuivre,privilege
"1,800",ships
ressorti,hearings
demeure,unite
quatorze,''
provinciale,October
comitÃ©s,except
coopÃ©rant,Nations
poursuis,commissionners
RÃ©gime,Pension
retraite,34
fond,bottom
souhaitons,hope
ravitaillement,Beaufort
RÃˆGLEMENT,ORDERS
Ã©largissant,destination
sÃ©vÃ¨res,abattoirs
1998,99
tels,indicators
Ã©ligibles,eligible
cadre,territories
communs,space
rÃ©pÃ©ter,without
lois,laws
suivante,approaches
Ã©trangÃ¨res,h
Indiens,piece
appliquÃ©es,treating
juger,broader
27,summoned
demandÃ©,asked
inclus,Parks
Lib,moved
vigilance,vigilant
touristique,destination
pays,country
chez,homes
prÃ©voit,70
commence,effect
York,South
Reine,Strahl
prioritaire,priority
menaient,State
conjoints,survivor
gratuite,premise
Ã©limination,markets
verge,Gentleman
tout,understandable
fixer,goals
constituer,Confederation
crois,ill
font,control
prÃ©sidente,Assistant
diversitÃ©,diversity
visant,existence
prÃ©senter,introduce
divorces,"1,122,000"
Ã€,depend
individus,distance
adaptÃ©,meets
automobiles,guess
financiers,Wyman
promis,promises
passe,exactly
obtenu,views
Ã©lecteurs,added
excuses,direction
fÃ©dÃ©ration,federation
conscient,magic
coÃ»te,boats
austÃ©ritÃ©,raises
opposÃ©s,side
coopÃ©ratif,op
spÃ©cialistes,ii
homme,loudly
terme,term
partir,Head
jouÃ©,gala
avons,considerations
22,Monday
revenir,introduced
sais,Corporation
moteur,PT6
portes,doors
gardiens,Saguenay
stimulerons,standard
pouvoir,properly
confirmer,confirm
sÃ©natrices,/
entente,sat
enquÃªtes,Division
1997,September
proposÃ©s,Pension
mises,outright
tuberculose,tuberculosis
amÃ©liorations,direct
aurons,floor
aimerait,speaker
jamais,ever
Ã©chantillons,called
apporter,tremendous
commune,unite
combler,colleges
autoritÃ©s,emergency
estimait,compensated
collaborent,harmony
aident,mentor
liste,list
versera,Reagan
conservateurs,differentiate
Transfert,guaranteed
communiquer,transacting
Ã©tÃ©,faced
Beaches,else
fourni,provided
illustre,1994
concert,System
Investissement,dollars
internationale,international
exprimer,floor
prÃ©cieux,misunderstanding
fondÃ©es,attract
publication,55
attend,poised
sait,Toronto
SERMENTS,OFFICE
Ã©valuer,assess
droits,rights
Ã©gale,richness
impossible,terms
sommes,actual
livres,productions
promesse,disregard
365,excess
effectifs,percentage
telles,asking
efficace,effective
marche,moves
pÃ©riodiques,assess
possÃ¨dent,distribution
Ã©rosion,compensated
voir,28
chef,Leader
marque,marks
dimanche,27
extrÃ©mitÃ©,24L
pensions,pension
cÃ´tÃ©,side
gouvernement,Government
ministÃ¨res,fashion
offert,100
rue,homes
prÃ©cise,suspending
36E,TH
placÃ©e,seat
k,Industry
promotion,affirmative
politiques,explore
juillet,initial
accomplir,demonstrate
prÃ©tend,pretends
SociÃ©tÃ©,Corporation
immÃ©diatement,immediately
taux,rate
remplir,both
citadins,900
vertu,local
prestations,survivor
aussitÃ´t,Commission
reprennent,overs
encourage,Youth
regroupant,combining
histoire,history
souci,initial
contenues,Auditor
no,Motion
Reagan,subsidy
acquis,considerable
millions,million
stipulÃ©,365
assainir,strategic
Ã©laborer,develop
rapide,rapidly
solliciteur,responded
Ã©toffera,transition
recherchÃ©e,destination
collaborer,closer
fiscales,lost
janvier,January
dÃ©pouillement,counting
complÃ¨tement,completely
appris,accommodate
Grand,Northern
Niagara,pleasure
universel,administered
chauffeur,taxi
aciÃ©rie,steel
Valley,authority
Mecque,Victoria
ouvre,markets
permettront,assess
donnÃ©es,adjusted
responsabilitÃ©,responsibility
soutenir,rush
libÃ©rales,professionals
reconquÃ©rir,populations
Ã©volution,flexibility
inquisitrices,control
TRAVAUX,HOUSE
envoyÃ©e,sent
hÃ©sitent,ways
dÃ©fi,challenge
majorÃ©s,initial
informer,inform
Ã©quitable,fair
pÃªcheurs,promises
BUREAU,INTERNAL
etM.,Strahl
privilÃ©giÃ©,destination
un,plan
bÃ¢timents,"1,800"
temps,time
multiplier,combining
10p.,%
Excellence,His
empiÃ¨te,limits
piste,24L
pari,bet
disposer,harmony
magnifique,environment
cours,equalization
Hare,scientists
Windsor,lesson
face,address
certainement,statistics
contrecoup,rule
dÃ©posÃ©e,desk
OFFICE,oaths
TrÃ´ne,Houses
serons,weaker
Strahl,Queen
calendes,VIA
supplÃ©ment,42
rÃ©clamons,Auditor
commissaires,commissionners
dÃ©pistage,surveillance
tel,passed
emploi,employment
donc,farming
heure,earlier
28,noted
prÃ©sentait,representations
stratÃ©gie,strategy
connaÃ®trions,forever
derniÃ¨res,four
y,opposition
rÃ©serves,Head
anormal,technique
rÃ©volution,revolution
actuelle,present
Commission,Wheat
dÃ©cision,decision
transforment,study
Atlantique,council
rÃ©glementation,abattoirs
visÃ©,target
Ã©gard,owe
investissement,exploit
sÃ©rie,series
elles,done
demandent,worry
aider,assist
montrez,documents
scellÃ©,wall
faisons,near
10,12.10
renouvelÃ©e,prudent
avoir,commend
plate,fulfil
reflÃ©ter,realities
prÃ©parer,meets
lignes,lines
plaÃ®t,please
intÃ©rÃªts,70
ils,they
Â«,''
instamment,study
sÃ©parÃ©s,separate
Baldwin,then
prÃ©sider,Davenport
plaisait,cents
besoins,needs
prendrons,stable
crÃ©ativitÃ©,Knowledge
quÃ©bÃ©cois,Strahl
cÃ©libataires,parents
outre,Confederation
indÃ©pendamment,regardless
Ã©tant,chamber
adjointe,Assistant
Ã©tau,rule
actif,fashion
notamment,including
valable,distinction
rÃ©aliser,potential
COJO,inadvisable
courantes,along
m,Veterans
consensus,culminate
seize,f
bourses,excellence
vÃ©rifiables,Alliance
aura,invests
parti,Party
invite,pleasure
Ã©tablissements,unions
aucun,nor
ajoutÃ©,element
garantie,ERDA
dÃ©truira,Treaty
Ã©pine,remember
abandonnÃ©,Fort
rapport,report
file,mines
toucheront,Reagan
efficacement,rationalize
propriÃ©tÃ©,CDC
investissant,term
Timbre,ringing
invoque,rise
publics,audiences
encore,still
appel,ringing
point,specific
rÃ©alisation,mention
partisane,professional
investissent,belongs
interdiction,Treaty
affaires,business
subventions,"250,000"
cautionnement,stayed
installations,along
sont,are
fer,Action
parlait,transmission
ouverte,met
patrimoine,c
exprimÃ©es,discussion
vos,Providence
rÃ©ussie,workplace
pensent,dollars
prÃ©cÃ©dÃ©,speaker
empÃªcher,divert
viens,just
moitiÃ©,half
vigoureuse,entering
vÃ©hicules,ii
prendre,invite
taire,comment
pendant,fought
entreprise,pace
suis,servant
imposÃ©es,professionals
dissoutes,27
sein,leader
abordera,collaboration
Gagliano,Queen
Ã©pargnes,Framework
Bon,Head
dÃ©cisions,interested
tourisme,Victoria
quand,determining
semble,seems
unique,reinforcing
exposer,31
chante,continually
gazier,Beaufort
traitÃ©,treaty
cela,sense
ailleurs,unable
900,mail
publiquement,overs
cents,crowd
changement,change
rÃ©percussions,pervasive
honorable,Honourable
dÃ©prÃ©ciÃ©,Verdun
adoptÃ©,discrimination
intÃ©ressant,thing
le1er,Leader
gaz,practical
apportent,supportive
...,New
dont,population
plu,confirm
amendes,stayed
destinÃ©s,Excellence
dÃ©bat,debate
territoriaux,territorial
bruit,main
envergure,marks
rigoureuses,spoken
double,buy
rÃ©solution,resolution
probablement,Comeau
perÃ§ue,thirds
travaillant,working
convoquÃ©,assembled
annonÃ§ant,session
pragmatisme,pragmatism
connexe,populations
rÃ©alisations,Achievement
soit,St.
remplira,24L
familiales,allowance
rayon,science
concerne,instance
crÃ©ation,creation
visitÃ©,territory
profiteront,survivor
biens,goods
fixÃ©,competency
souvent,laws
f,Finance
signifierait,statute
cesser,displays
dois,interrupt
Gouverneur,Governor
visons,truly
agir,act
communautÃ©,ways
idÃ©e,context
uns,connected
vrai,point
ne,no
dit,Â»
humaines,j
rÃ©unions,meetings
Turner,Finance
Jean,Ã©
i,Health
rÃ©alisent,engagement
Ã©levÃ©s,marine
seraient,promulgated
croyons,procedures
regard,Outward
Ã‰videmment,Conservatives
engage,homes
sincÃ¨res,sincere
convictions,beliefs
g,Fisheries
secteurs,sectors
contredit,certainty
afflux,dollars
imposaient,distance
juin,June
suite,refunded
quitte,seat
loisirs,entertainment
offerts,centres
Communes,Chamber
inspirerons,aspirations
applaudir,loudly
actuellement,actual
alliance,deterrent
ravi,"1,800"
que,than
approfondie,study
incluront,exchange
ci,side
solides,achieved
prÃ©cis,party
NUMÃ‰RO,edited
fur,distance
bataille,"1,800"
tire,talents
nÃ©gligÃ©,Â«
prÃ©sident,Chairman
modifie,status
nuclÃ©aire,Candu
13,1.13
demanderai,instruct
tirant,discussion
il,he
QuÃ©bec,Quebec
innover,innovate
multiples,pace
supplÃ©mentaires,additional
consacrera,smooth
Ã©quilibrera,99
normes,abattoirs
certains,urgent
aurais,Bryce
existence,alerting
chacun,competency
chaÃ®ne,chain
contrat,Office
JournÃ©e,mention
encouragement,incentive
amener,properly
LimitÃ©e,1934
Ã©conomies,tremendous
jour,day
artistes,gala
huitiÃ¨mement,eight
Ã©tablies,achieved
tiers,thirds
groupe,called
meilleure,Valley
salaire,15
pÃ©riode,painful
instances,representations
Ã‰tat,corporations
certain,kinds
stocks,Treaty
Dr,Hare
barriÃ¨res,markets
aprÃ¨s,7
bilan,tolerance
cÃ©lÃ©brer,mark
justifiÃ©e,degree
puissions,vibrant
gains,hearings
illusions,disillusioned
tourner,bush
Ã©quipe,Jaw
l,Rights
forme,loan
inquiÃ¨tent,burden
intercontinentale,distinction
reprend,resumed
Sarmite,Ms.
voudront,area
mÃªmes,pick
voyons,""""
prendra,initiatives
dÃ©marche,broad
instants,able
obligÃ©s,payments
dossiers,Expansion
serviront,thus
tous,all
assez,collective
historiques,participation
rÃ©gion,Laval
inutile,bush
oppose,Progressive
XXe,20
continuer,bush
leadership,owe
discussions,embarrassed
nos,Children
Ã©lÃ©ment,afternoon
stade,party
connu,never
serait,Wilfrid
favoriser,nurturing
Russell,Russell
beurre,Bryce
1934,Transportation
Providence,Divine
excellents,internship
prix,retail
canadienne,audiences
relations,European
boisÃ©es,prairies
convenus,operative
paragraphe,104
douce,%
qualitÃ©s,qualities
derriÃ¨re,doors
missiles,distinction
ni,essentially
minerai,Heath
intÃ©gration,mobility
entendront,parliament
libÃ©ral,Liberal
pourrions,statute
plupart,main
spÃ©cialisÃ©e,spends
facultatives,rather
mais,but
imposer,leader
Verdun,denigrated
voie,moving
contribuant,unite
rÃ©pÃ©tant,bother
en,immigration
navire,marine
Forces,functions
complexes,collective
ont,already
revenu,income
restreints,limits
fidÃ©litÃ©,1994
offre,space
terre,completely
tÃ¢ches,confined
jeunesse,vibrant
renforcer,strengthen
hypothÃ¨se,premise
45,percentage
objectif,target
trouverons,excuses
localitÃ©,light
ateliers,cuts
DES,contents
exporte,shipped
dÃ©cembre,December
instant,lines
dÃ©putÃ©,member
comporter,attitude
ciel,blessings
insuffisant,growers
montrÃ©,disregard
indiquÃ©,close
inspirer,Alliance
rentable,justification
tenir,suggestion
reÃ§oivent,secret
Ã©tabli,promulgated
Ã©largir,explore
abattoirs,stricter
efficaces,prison
combattre,solution
divine,Providence
interne,42
appareil,integrate
relÃ¨ve,local
crime,prevention
rire,laughing
titre,Lamer
fin,cuts
activitÃ©s,participate
contraire,quite
pipe,along
truchement,goal
1979,1979
aurai,instruct
Claude,Claude
mains,destiny
renvoi,liberty
rÃ©gional,ERDA
venons,reform
guÃ¨re,paying
impÃ´t,removal
Ã©levÃ©,still
intÃ©rieur,ratio
signaler,PC
mis,writing
Boudria,Queen
trouvait,29
contenu,statute
Ã©mis,27
dÃ©vouement,dedication
doit,opinions
parties,interested
servi,365
fÃ©vrier,February
national,protect
cruelle,cruel
vraisemblablement,Timmins
bienvenue,90
intÃ©grera,integrate
croissant,selling
Fondation,Innovation
ferons,lead
instruction,chance
Ã©ducation,education
aube,vibrant
Ã©laborera,transition
Ã©crit,writing
inquiÃ©tude,pace
drÃ´le,painful
commun,jointly
production,Institution
parfait,perfect
Ã©nonce,main
conservateur,Conservative
quÃ©bÃ©coise,abattoirs
motifs,reason
jeter,succeeded
besoin,need
assurerons,sound
comÃ©die,cruel
surtout,particularly
message,Gentleman
Ã©galement,also
Â»,''
cite,Timmins
place,nose
commercialisation,marketing
net,lowest
pareil,discriminate
premiÃ¨re,first
respectÃ©,commend
Cour,compulsory
CAI,AIB
inviteM.,Davenport
exercer,leadership
dossier,emergency
gÃ©ographiques,aspects
potentiel,potential
hui,today
pÃ©trolier,Beaufort
essaierons,suggestion
ocÃ©ans,g
intervenus,fashion
gens,tells
crÃ©atrice,CDC
rÃ©clame,study
tellement,weaker
ordinaire,confirm
impose,taxes
salle,Honourable
retirÃ©,withdrawn
Ã©loigner,area
provinciales,association
Ã©crire,print
Ã©tudier,along
ouvrir,session
franc,existence
embarrassante,embarrassed
supplÃ©mentaire,supplementary
rÃ©adaptation,prison
sÃ»rs,applauding
agriculture,Agriculture
ma,Verdun
enregistrÃ©,"1,122,000"
constituent,percentage
lacunes,reflected
envisagÃ©es,discrimination
montrera,demonstrate
innovatrices,innovative
rÃ©pÃ©tera,often
premiÃ¨res,began
Penner,free
politique,policy
dÃ©taillÃ©s,plans
vivre,Safer
clairement,promulgated
considÃ©rons,separate
apporteront,targeted
dÃ©sormais,distinction
saines,sound
pÃ©rÃ©quation,equalization
jeunes,youth
performante,professional
divergences,strains
essentiel,afternoon
dÃ©pendra,degree
agi,State
cycle,entering
mettrons,2000
vous,you
fÃ©dÃ©rale,jointly
reviendrai,boats
loin,centres
grandes,thus
imaginer,1978
Ã©mission,practical
rappelant,completed
ratio,track
responsabilitÃ©s,context
siÃ¨cle,century
Ã©dification,peace
intermÃ©diaire,Corporation
90,newly
Ã©lectorale,Niagara
ChrÃ©tien,Jean
couleur,colour
milieu,targeted
SÃ©nat,Senate
embarcations,cause
consÃ©quent,establishment
versÃ©s,paid
partout,pervasive
DE,OF
moins,least
pouvons,institution
rÃ©vÃ©lÃ©es,overs
excellence,Centres
brut,ratio
stabiliser,stabilization
recÃ¨le,%
isoloirs,voting
reste,remainder
bien,well
indispensables,alliance
piastre,Carter
mÃ©thode,method
XXIe,21
laissait,wife
printemps,raises
Ã©quitablement,evaluated
dÃ©termination,incarceration
masse,mace
effets,effect
Convoquez,call
suivre,follow
tailler,mobilizing
jouer,agent
loi,Bill
audacieuse,consensus
-,let
rÃ©formiste,Strahl
dÃ©cide,collectively
diffusion,integrate
laquelle,apply
104,therefor
Ã©levÃ©e,unemployed
RÃ‰VISÃ‰,edited
gentilhomme,Gentleman
Ã©lus,spokespersons
remplissent,secret
CarriÃ¨re,Youth
croire,refuses
terminer,note
rÃ©visÃ©s,42
Victoria,mecca
domaine,primarily
abord,disease
poursuivra,liberalized
hier,saw
atmosphÃ©riques,Hare
coopÃ©rative,fashion
bonnes,admit
note,end
pire,ERDA
obtenir,properly
portera,opinion
PrÃ©sidence,desk
puisque,advice
intervient,Bow
Entente,ERDA
PrÃ©sidents,without
servira,whether
barreau,lawyers
pressants,urgent
insertion,getting
Pearson,laureate
hausse,line
importantes,February
annonce,55
contribuables,payments
alors,explained
semblent,collective
rÃ©duire,reduce
Don,authority
25p.,%
mÃªme,same
gÃ©nÃ©rale,speaking
produits,products
souhaiter,90
prÃ©sente,link
6,2.06
pot,bush
assister,COJO
rÃ©alitÃ©s,realities
1994,illustrates
rÃ©forme,reform
partiel,part
accusations,censorship
novembre,November
rÃ¨glements,regulations
litre,adds
intensifier,efforts
utile,perfect
aide,assistance
attention,supportive
Conseil,caucus
promulguÃ©s,promulgated
suivant,Gentleman
moment,skilled
Drouin,Claude
301,newly
entretien,VIA
par,funding
collectivement,collectively
nationale,National
constitution,here
techniques,engage
"35,000",earning
dÃ©claration,Leader
animaux,shipped
grains,exports
matiÃ¨re,Valley
rÃ©gularisation,outright
fÃ©licitations,sincere
situations,element
admire,Saguenay
regrette,sorry
programmes,programs
choisissant,confer
sacrifices,overcome
ancien,former
importe,property
nombreuses,experience
partenariats,adoption
industrie,k
Ã©lections,29
pauvretÃ©,poverty
Ã,support
prÃ©visions,forecasters
former,mark
rÃ©seaux,exchange
desceller,unsealing
divers,differing
centres,Centres
dÃ©bouchÃ©s,capitalize
prÃ©sentÃ©,admit
ministres,leaders
non,authority
Son,His
dÃ©signÃ©,fallen
White,Queen
dÃ©putÃ©s,members
nouveaux,seats
opposerait,oppose
Ã©ducatifs,educational
Langley,Queen
eu,28
procureurs,October
Chambres,27
mal,ill
monde,world
gÃ©nÃ©ration,generation
prÃ©sence,mentor
drogue,drug
VIA,Montreal
Caccia,Officer
quelle,cruel
juste,seems
avez,dear
ordonnÃ©,55
60,Carter
permette,laughing
pareilles,discrimination
elle,conduct
LÃ‰GISLATURE,TH
rÃ©ussir,qualities
expressions,figure
Ã©clipsÃ©,somehow
dÃ©sirent,spend
vues,Nations
John,tube
prÃ©parÃ©,considerations
tirÃ©,document
Ã©tablissement,production
documents,relevant
confinÃ©es,confined
adoption,statute
permettant,broader
grand,widest
voisine,neighbouring
inflation,dislocation
foule,missions
mettra,emphasis
joindre,joining
croissante,multicultural
probable,litre
recettes,lost
cesse,cumbersome
55,accordance
dÃ©pouiller,completed
quoi,displays
annÃ©e,year
renforÃ§ant,reinforcing
la,enhance
rÃ©gler,bush
diversifiÃ©e,diversified
technologies,commercialize
son,destroy
pourrons,demonstrate
dÃ©saisonnalisÃ©s,adjusted
Parlement,Parliament
Ouest,litre
sciences,effectiveness
pÃ©nale,integrate
automne,fall
constante,standard
gestion,management
connaissances,leader
cessions,forever
clients,discuss
communautaires,community
parlÃ©,spoke
occasions,transacting
sorte,sure
au,goes
naturelles,Saguenay
effectivement,treating
remarques,manner
confiance,confidence
BÃ©gin,her
dÃ©mocratie,democracy
pessimistes,forecasters
positifs,effects
agricoles,completely
proclamation,dispatch
regagnent,own
ministÃ¨re,Department
paliers,transacting
lÃ©guer,vibrant
ferroviaire,railroad
celui,own
parents,moreover
rapportÃ©,decreased
canadiens,six
dÃ©penses,rationalize
allez,opinions
orateur,speaker
canadien,c
avril,April
citÃ©,CDC
emploiera,jointly
malentendus,misunderstanding
peu,pervasive
contient,substantive
auxiliaires,RIDA
nÃ©cessaire,risks
obligatoire,compulsory
figurent,announced
harmonie,harmony
chargement,railroad
domicile,expanding
Davenport,district
technique,unusual
vulnÃ©rables,vulnerable
intÃ©grer,effectiveness
suit,By
intÃ©resse,concern
notre,understanding
aÃ©roport,24L
avis,argument
renfloue,lavish
vacant,wonder
englobante,broad
vÃ©ritable,farming
uni,thus
couronnÃ©,PT6
accompli,Calgary
recommande,recommend
pouvoirs,power
voudrait,taxes
passÃ©,alerting
libÃ©rer,Penner
Un,liberty
procÃ©dera,casts
redresser,attracting
avait,former
moindre,balance
ville,Fort
protÃ©gÃ©s,protected
carriÃ¨re,student
indÃ©pendant,independent
chauffage,shampoo
cinquiÃ¨me,27
province,PC
fructueuse,fine
modeste,excellence
crÃ©dits,expenditures
gouvernements,governments
Forrestall,Dartmouth
lÃ©gislature,Parliament
appui,Forrestall
ajouterais,add
Comeau,reality
beaucoup,much
extrÃªmement,agricultural
bÃ©nÃ©ficiaire,%
communautÃ©s,Opportunities
joue,plans
ministre,Minister
efficacitÃ©,surveillance
dÃ©montrÃ©,missions
soucier,shipped
parole,spokespersons
chacune,Auditor
axÃ©e,leader
accepter,throats
prÃ©tends,manner
assis,sat
tÃ©moigner,colleagues
rÃ©approvisionnement,marine
accorder,indispensable
proposer,move
nord,Heath
catastrophes,Saguenay
bibliothÃ¨que,spends
cÃ©lÃ©brÃ©,Lester
Ãªtre,Arctic
administration,affirmative
condition,j
disponible,posted
protÃ©ger,enhancing
technologique,exploit
foi,decided
priÃ¨re,prayers
association,fine
multiculturel,multicultural
remercier,colleagues
clair,retail
emprunt,borrowing
Ã©crivains,performed
considÃ©rÃ©e,priority
prÃ©ciserait,statute
science,supporting
considÃ©ration,considerations
Laval,spent
primaires,effectiveness
utilisÃ©s,ii
croissants,expanding
argent,money
europÃ©ens,relations
facilitÃ©,coasted
prÃ©paratifs,speaker
continuera,continue
rÃ©unis,assembled
prostituÃ©es,49
$,licence
rÃ©examen,compulsory
Essex,lesson
institution,protect
Bloc,Queen
maintenant,now
lancer,discussions
fermer,close
professionnelle,professional
financiÃ¨re,position
capitaux,attracting
capacitÃ©,capacity
dÃ©fense,m
stationnÃ©s,Jaw
selon,suggested
pertinents,relevant
constructif,constructive
pleine,Calgary
serai,brief
continue,deterrent
COMMUNES,COMMONS
matÃ©riel,growers
facilitant,engage
effort,maintaining
portÃ©,causes
sixiÃ¨me,session
voix,some
peuvent,may
destination,preferred
pratiques,practical
nom,name
continuant,strategic
culture,abroad
chance,floor
talents,talent
quelques,few
58,2.58
serments,office
rencontreront,approaches
suggÃ©rer,participate
suppose,responses
reprÃ©sentation,Comeau
acceptons,view
tambour,syndrome
bÃ¢tis,abattoirs
tente,negotiations
49,presented
pouvions,introduced
Montagnes,spent
internationalisme,internationalism
axÃ©s,dissemination
primes,instance
RÃ‰GIE,INTERNAL
avantages,redouble
rÃ©union,meeting
partenariat,partnership
initial,original
feront,capital
Prescott,Russell
autre,another
pied,treating
clairs,facts
veut,wants
complexe,link
somme,substantial
multimÃ©dias,productions
importants,unions
essence,shampoo
plan,marketing
traite,Expansion
transparent,existence
collectif,incentive
"12,5",guaranteed
er,initial
restreindre,restrict
avocats,lawyers
reconnaissant,appreciated
dÃ©tails,responded
transition,effectiveness
DÃ©fense,Treaty
fondÃ©s,criteria
assurance,insurance
ensemble,together
financer,expenditures
prioritÃ©,establishment
progresser,pretends
rendre,Forces
Birds,Jaw
Nations,multilateral
les,institutions
recherche,research
Ã©volue,infrastructure
souhaitent,wish
agiront,Ministers
tributaire,depend
amendements,amendments
autochtones,Aboriginal
agriculteurs,farming
expansion,RIDA
boeuf,outright
domestique,shampoo
Avantage,Youth
durable,e
"98,355",offices
critÃ¨res,criteria
facilement,promises
Snow,Jaw
gardienne,%
balayÃ©s,watched
Deux,spent
retard,field
fabrication,distribution
parquet,floor
29,2.29
Baie,reality
diminue,ratio
Orateur,privilege
processus,unsealed
puissance,PT6
complet,comprehensive
actuel,told
atouts,strengths
petites,small
prÃ©visibilitÃ©,predictability
Saint,St.
armÃ©es,military
aucune,none
posÃ©e,mace
pourrait,become
Alliance,Soviet
Ã©poque,multicultural
19,things
vives,criticism
souplesse,flexibility
collÃ¨ges,colleges
ordre,order
44,12.44
rÃ¨gle,rule
moratoire,throats
sanctions,rather
royale,Commission
poste,"98,355"
crainte,unafraid
permanente,ratio
remettre,existence
soient,protected
descelle,colour
partis,parties
servent,remember
hÃ©ritage,legacy
libellÃ©,heard
possibilitÃ©,mentor
sort,destiny
poisson,evidence
Carter,taxed
traditionnels,participation
N,Finance
enseignement,burden
entre,between
B,Lester
sincÃ¨rement,commend
Ã©lÃ©ments,criteria
amÃ©liorer,difference
rÃ¨gles,treating
ouverts,welcome
auteurs,performed
Programme,January
grands,consultations
identitÃ©,identity
2000,thereby
durant,99
veuille,wishes
dÃ©but,Division
requise,flexibility
innovateurs,welcome
suivantes,undertake
lesquels,except
vraiment,status
rÃ©solu,committed
cohÃ©sion,cohesion
donnera,paper
assumera,pragmatism
vies,sound
CRÃ‰DITS,supply
appartiennent,op
rationaliser,rationalize
croit,independent
dotation,Innovation
accroissant,initial
circonscription,riding
excÃ©der,regained
autrefois,distance
endroits,Parks
composer,accommodate
rÃ©duirait,relieve
18,3.18
membres,Members
communes,Commons
derniÃ¨rement,disillusioned
choisi,causes
arrÃªtÃ©es,opinions
travers,Beaches
encouragera,cause
valeur,peace
mobilisÃ©,mobilized
produire,conservation
langues,recommendations
trouver,poverty
propos,19
rÃ©unies,27
irrÃ©versible,forever
possÃ¨de,talent
Nobel,laureate
censure,censorship
estime,feel
exemple,example
dÃ©sire,wishes
isoloir,station
cÃ©rÃ©aliers,Reagan
informÃ©e,constitution
octobre,October
relativement,spoken
trouvons,regardless
ajourne,tomorrow
stable,wealth
travail,job
industriels,destination
lesquelles,succeeded
postes,colleges
pouvaient,responded
homologues,relations
rÃ©gions,certain
rÃ©pondent,sold
mÃ¨res,parents
croissance,growth
professions,professionals
exclusivement,Valley
gauchistes,leftists
parviendrons,working
recommandation,29
c,Heritage
criminels,study
vidÃ©os,productions
rÃ´le,role
prÃ©occupation,hearings
crÃ©er,create
dÃ©veloppement,development
Heath,morning
sur,focussed
comment,how
demeurons,yes
mois,months
citoyens,citizens
TrÃ©sor,Board
Kilger,Queen
essayons,""""
exposÃ©,watched
document,cited
maintenir,keep
dÃ©posÃ©,coming
attitude,direction
dÃ©plore,figure
situation,really
Ã©troitement,reiterated
procÃ©der,instruct
stimuler,stimulating
rappellerai,offer
fÃ©dÃ©raux,equity
expliquÃ©,explained
bulletin,paper
rÃ©colte,instance
bills,attach
sÃ©parÃ©ment,isolation
audiences,hearings
principes,principles
"25,000",skilled
C,presented
examiner,considering
suffisant,enough
reconnaissent,medical
rassemble,triumph
complÃ¨te,January
financement,30
seule,hooker
raison,yes
approfondir,Excellence
lourds,cumbersome
main,reaching
vendues,sold
dÃ©finition,association
progressiste,Progressive
concurrence,rush
dÃ©judiciarisation,incarceration
gÃ©rer,vigilant
conciliantes,conciliatory
assurer,secure
autour,bush
31,March
soutenant,audiences
qui,who
admettre,admit
changeant,dollars
prÃ©tendre,claim
Division,Special
faudra,require
humides,%
spÃ©ciales,Division
je,i
quatre,four
siÃ¨ges,seats
absolument,indispensable
volÃ©es,property
commerce,h
fÃ©licite,bottom
considÃ©rable,substantial
rÃ©fugiÃ©,refugee
faire,sure
deuxiÃ¨mement,climate
lecture,reading
objet,acclaim
dÃ©fÃ©rence,interrupt
profite,consultations
propre,internationalism
modifications,excellence
faites,done
haute,administered
septembre,September
Ils,"98,355"
sera,mentorship
lundi,22
mariage,survivor
affaiblirions,forever
trahi,saw
agent,policing
7,similarly
questions,issues
tient,paying
parce,lose
milieux,voluntary
lÃ©gislatives,admit
oeuvre,part
teneur,31
voulu,confer
consistera,moves
comme,indicated
bÃ©nÃ©voles,volunteers
jusque,ringing
secrÃ©taire,officially
voulait,hooker
connaissent,overproduction
aspirons,aspirations
et,and
systÃ¨me,establishment
citoyennetÃ©,d
Union,Soviet
terres,populations
informations,provided
crÃ©dit,Corporation
DU,FROM
dirai,disillusioned
recueilli,received
carrÃ©ment,outright
rÃ©soudre,placing
ajournement,join
paix,peace
international,International
disaient,lose
accomplis,assess
Lamer,Administrative
gÃ©nÃ©ral,General
montrent,adjusted
rÃ¨gne,Petro
suppression,removal
intention,bother
ah,oh
faisant,remarks
fauteuil,chair
villes,villages
Marleau,Administrative
espÃ¨ces,guaranteed
civiles,populations
manifester,determining
Ã©difions,System
vivant,targeted
premiers,First
canadiennes,Achievement
fils,cables
intÃ©ressants,agricultural
Sciences,science
grÃ©,discuss
vote,ballots
15,3.18
toujours,always
prÃ©server,workplace
donner,regard
Ã©lu,duly
suffisamment,banks
techniciens,performed
pareille,excuses
partageant,combining
forger,sharing
base,preferred
refusÃ©,advice
existent,transmission
Ã©minents,Hare
autoritÃ©,Valley
exige,requires
doivent,owe
heureux,glad
appartient,belongs
dÃ©miner,populations
conclure,conclude
dÃ©truire,Petro
finances,brought
immigration,Immigration
Lehon.,Marcel
continent,"1,122,000"
conditions,laws
mauvaises,laws
boisseau,Reagan
productions,media
privÃ©es,engagement
tirer,exploit
exercÃ©,ravages
accorde,RIDA
AEIE,dollars
rÃ©flÃ©chissons,moment
explorera,explore
(M.,Caccia
profiter,sincere
Ã©tablissant,broader
circonscriptions,element
cabinet,Cabinet
initiatives,tuberculosis
devrait,gobbledy
500,licence
discuter,statute
unitÃ©,unity
rÃ©ponds,response
collaborera,colleges
River,debate
budgÃ©tÃ©s,previously
va,tremendous
provinces,territories
aÃ©rienne,Jaw
engagements,commitments
employÃ©es,Office
calendrier,timetable
devenir,agricultural
annoncÃ©es,raises
opinion,reform
assurÃ©s,Beaufort
tirons,environment
alimentaire,chain
exÃ©cuter,duties
(,Version
dix,Auditor
recommandations,implement
dÃ©roger,liberty
citation,document
spÃ©cialement,painful
problÃ¨mes,problems
remboursÃ©e,refunded
dÃ©pense,lavish
approvisionnements,applauding
expÃ©rimenter,flexibility
enquÃªte,contradiction
PT6,engine
risques,risks
bonne,context
"30,000",spent
particuliers,indicates
soutien,give
42,Internal
Ã©prouver,collective
travailleuses,confined
rÃ©pondant,exhibits
envisager,ravages
bilingue,multicultural
mutuel,mutual
Rail,Montreal
pu,Laurier
profondÃ©ment,appreciated
CHAMBRE,HOUSE
forcez,throats
bureau,relevant
motions,adopted
assiette,Bryce
Ã©tablis,villages
travaillera,peace
limites,limits
personne,l
garantis,guaranteed
obstacle,thirds
b,Agriculture
concernant,bet
dÃ©clarÃ©,Baldwin
pris,taken
observations,remarks
but,shipped
fausse,Comeau
resserrement,rule
saisi,restrict
commencer,commence
coÃ»ter,talking
PrÃ©sident,Speaker
lÃ,fought
moteurs,PT6
session,letter
armes,beliefs
abolie,Division
provisoires,bills
cherchant,Alliance
remise,VIA
commenceront,initial
facteurs,factors
efforts,lives
prochaines,15
DISCOURS,FROM
contradiction,investigation
14,2.29
fourniront,targeted
adaptation,influence
simplement,tells
scrupule,qualms
commandes,placing
officielles,recommendations
reflÃ¨tent,villages
Wyman,market
eau,%
a,meetings
dÃ¨s,casts
afin,innovate
due,compensated
dÃ©fis,emerging
allait,CEMA
oeufs,CEMA
prÃ©sidentiel,doors
quels,seems
votÃ©,voted
madame,madam
vaudrait,suggested
tenu,evidence
convenu,January
Ã©tudiÃ©,implications
dessous,except
scolaire,assess
dynamique,CDC
dÃ©jÃ,Our
flÃ©chir,exports
bases,Our
prÃªts,follow
dÃ©cidons,offer
parlent,productions
dÃ©fendra,endowed
une,wrong
problÃ¨me,problem
indÃ©pendante,contradiction
programme,program
prÃ©sent,except
prÃ©sentÃ©e,borrowing
arrivÃ©,sat
Ã©tablira,Excellence
cas,tuberculosis
investisseurs,State
viennent,doors
fÃ©dÃ©rales,association
poires,break
cachets,gala
parvenir,hope
Ã©tablir,establish
droite,doors
1,edited
commencÃ©,began
fournir,Toronto
allocations,allowance
aimerais,move
financier,31
types,colleges
demeurer,supportive
rurales,rural
Ã©normÃ©ment,Expansion
arriver,alone
Ã©normitÃ©,ravages
contacter,taxi
statut,refugee
situer,disease
occasion,opportunity
revenons,return
disposons,combining
obligÃ©es,harassment
opinions,hold
Canadiens,Canadians
privÃ©,private
antipersonnel,mines
eux,chain
assurÃ©ment,poor
libertÃ©,limits
gouverner,recognizing
stage,internship
1975,Special
accident,MOT
British,savvy
bÃ¢tirons,value
esprit,spirit
Ã©duquÃ©s,colleges
continu,welcomes
vue,meets
perspectives,sound
imagine,reached
mÃ©canisme,essentially
cordiale,90
Ã©tendra,Head
comprennent,except
fantÃ´me,Fort
effet,conservation
faÃ§ons,ways
aussi,chain
cÃ´te,perfect
matin,Heath
signalons,reflected
apporte,Gentleman
minutes,alphabetical
demeurent,unemployed
supplÃ©ant,Honourable
auquel,aspirations
accÃ¨s,access
ce,what
termes,terms
renforcement,exchange
hon.,Finance
premier,Prime
erronÃ©,faulty
Les,except
estimations,estimates
Bowden,Institution
positive,end
9p.,%
ressentir,growers
TRÃ”NE,FROM
21,mention
promptitude,Saguenay
5.23,carpenters
marchÃ©,force
Transports,Transport
24,ships
humain,triumph
criminalitÃ©,decreased
arts,reach
penser,terms
Bureau,posted
cÃ´tes,prairies
",",increased
rÃ©ussite,succeeded
1999,99
garantirons,value
appelÃ©s,expenditures
institut,"250,000"
accordÃ©s,confirm
sexuel,intents
demander,ask
concrÃ©tisÃ©es,forecasters
indispensable,sensitivity
Chambre,House
donneront,standards
dÃ©passera,Laurier
dÃ©velopper,small
?,AIB
Ottawa,signing
disposition,tools
relevÃ©,stake
faveur,leadership
retour,returned
gagner,lost
Prairies,Action
laurÃ©at,Lester
solutions,nor
donnÃ©,Windsor
implanter,steel
dÃ©montre,sensible
ex,promulgated
ordonne,instruct
modes,efforts
rÃ©tablir,populations
poursuivrons,stable
disent,""""
cinquante,State
ConfÃ©dÃ©ration,Confederation
Fonds,effectiveness
nouvelle,New
sport,associations
espace,space
augmentation,burden
rÃ©jouit,welcomes
Ãªtes,spokespersons
prioritÃ©s,priorities
dÃ©posera,guaranteed
cet,spend
sentir,49
demande,request
1938,lowest
suggestions,projects
frÃ©quenter,excellence
veiller,protected
line,along
inacceptable,unacceptable
accessible,promises
commerciales,relations
Antonio,Administrative
fil,considerable
dÃ©part,expand
infrastructure,thereby
mentorat,mentorship
liÃ©es,capitalize
Ã©conomie,economy
prisons,prison
devrions,weaker
faits,facts
fier,tolerance
Ã©panouies,supportive
;M.,Strahl
vivent,centres
fonctionnent,discussions
incarcÃ©ration,incarceration
immÃ©diate,syndrome
articles,elect
Manning,Manning
obligÃ©,steps
fortement,side
est,is
isolant,isolate
importance,called
mÃ©rites,missions
opposition,Opposition
consultations,recovery
*,edited
Technologie,science
ainsi,continuing
prochain,next
comptons,discussion
pourraient,Beaufort
Rendons,blessings
de,cent
innovent,attract
relÃ¨veront,accept
impartialitÃ©,duties
PLÃ‰NIER,WHOLE
crÃ©ant,excellence
Robert,Administrative
prise,reached
encourager,stable
force,deterrent
nÃ©cessaires,technology
vont,pick
bulletins,unsealing
amicale,prairies
banques,banks
devoir,duty
adoptera,broad
remÃ©dier,during
sociale,social
poussÃ©e,inflationary
bon,tells
essayÃ©,Petro
honneur,honour
origine,consensus
enfance,January
parmi,confined
reliant,exchange
accords,agreements
Office,CEMA
Ã©tudes,incident
grande,hearings
particuliÃ¨rement,educational
Nord,Northern
marins,"1,800"
maintenue,allowance
enjeux,face
attendons,nine
faible,income
urbain,targeted
gÃ©nÃ©raux,main
modÃ¨le,tolerance
rendent,Chamber
fins,purposes
territoires,territories
expÃ©riences,influence
travaillent,"35,000"
cause,alerting
voudrais,like
mise,Innovation
acrobatie,Jaw
sonnerie,completed
Mulroney,bet
marques,identity
gagne,"35,000"
confÃ©rence,October
rupture,internal
bref,brief
montÃ©e,often
accent,focussing
sujet,Leader
sexuels,harassment
demeurant,demonstrate
e,Environment
suspension,Sitting
uniÃ¨me,State
sociaux,guaranteed
revivifier,Nations
possibilitÃ©s,opportunities
texte,article
situÃ©es,prairies
traiter,fishing
conservation,effect
apportant,excellence
organisÃ©,ravages
source,acclaim
industrielle,plans
niveaux,levels
relever,competency
De,OFFICE
renouvelÃ©,renewed
adopter,negociations
sinon,participation
accroÃ®tra,commercialize
principe,principle
rendra,session
Ã©tape,passed
propose,Turner
projet,Bill
Ã©taient,leftists
quelconque,distinction
30,2.30
apprentissage,learn
Ã©lever,nurturing
universitÃ©s,universities
cette,consultation
avais,Bryce
Brunswick,morning
survivant,survivor
autrement,wall
dÃ©vouÃ©s,Award
entier,selling
utilisation,responses
dÃ©pose,relevant
Abbotsford,Queen
incapables,unable
civile,professional
ayant,having
fit,fought
prÃ©sidence,Chair
investit,invests
vacants,unemployed
Mesdames,/
Accord,adds
adÃ©quatement,added
richesse,richness
25,unacceptably
supÃ©rieur,burden
parlementaires,parliamentarians
lettre,session
Saguenay,peacekeeping
dettes,burden
pancanadien,mentorship
transmission,exist
cependant,however
fiers,"1,800"
hauts,contradiction
exactement,description
reprise,Resumed
seront,ii
ravage,ravages
oh,oh
tandis,local
confiant,entrusted
certaines,certain
augmentait,"25,000"
prÃ©ciser,clarify
d,Immigration
moyennes,commercialize
rÃ©serve,evidence
Feuilleton,55
offerte,workplace
communiquÃ©,sorry
manquer,disregard
enregistrÃ©es,currently
nombre,number
Ã©difiant,severing
fait,conduct
xxie,richness
serez,expenditures
nouveau,millennium
informe,indicate
Halifax,Dartmouth
nÃ©o,forecasters
dÃ©sir,desire
objectifs,goals
dans,River
peuple,roots
vais,figure
dorÃ©navant,percentage
mines,ban
nous,we
dÃ©tÃ©riorÃ©,constant
comprendre,difficult
chers,entrusted
victimes,populations
contraintes,distance
extraordinaire,certainty
dorsale,remember
espoirs,celebrate
jours,days
offrir,Opportunity
Ã©trangers,foreign
pointe,Innovation
jouets,entertainment
signature,Ottawa
participÃ©,light
partagÃ©,Bryce
diverses,ways
levÃ©s,loudly
avec,Quebec
Centre,pleasure
fiscale,850
souhaite,wishing
travailleurs,"25,000"
jetÃ©,Our
mars,31
rapiditÃ©,pace
surveillance,policing
rÃ©pondre,responding
meilleurs,highest
remercie,thank
confuse,link
convoquer,causes
Ã©tranger,abroad
soins,care
perdu,disillusioned
ennuyer,bother
nommÃ©s,42
tissÃ©s,severing
ensuite,opinion
preuve,vigilant
maturitÃ©,assess
britannique,sorry
persÃ©vÃ©rance,neighbouring
porte,drug
connaissance,exchange
prennent,attract
nouvelles,cause
derniÃ¨re,unique
vie,life
rÃ©munÃ©rÃ©es,confined
;,sixteen
allons,Auditor
Canadair,roughly
savoir,knowledge
explorer,prospective
solide,responses
destin,wall
aboutira,consensus
miracle,magic
Ã©quitÃ©,duties
montant,remainder
servir,gobbledy
prÃ©vention,prevention
entraident,ways
ii,experts
mettent,embarrassed
flÃ¨che,coasted
toutefois,banks
Fort,tube
missions,generated
coÃ»teront,shampoo
reconnaÃ®tre,professional
pour,take
militaire,light
reconnaÃ®t,Award
faisait,representations
hÃ´tel,Fort
deux,two
plutÃ´t,litre
ai,inform
persuadÃ©,Verdun
considÃ¨re,considered
tendre,reaching
retentir,completed
conventionnels,responses
rappel,point
rÃ©adapter,isolate
voulons,overs
mette,focussing
quelque,somehow
indices,indicators
Gilbert,pleasure
accroÃ®tre,Opportunities
accroisse,participation
tiens,qualms
diffÃ©rences,accommodate
respectera,live
reÃ§u,got
ERCO,spends
consÃ©quence,accordingly
systÃ¨mes,systems
"20,000",salary
application,enforcement
dÃ©faut,compliance
projets,suggestions
augmenterons,engage
activitÃ©,piece
gala,fees
syndrome,door
publiques,entering
capables,capacities
adresse,Reply
aient,Service
sÃ©ance,sitting
modifiÃ©,amended
rÃ©formes,incarceration
regarde,paying
Ã©lectorales,pledges
atout,value
important,keep
piÃ¨ces,performed
admissible,365
nÃ©gligeable,called
auront,worry
musique,productions
renflouer,banks
vivons,identity
adhÃ¨rent,endowed
choix,seek
prairies,woodlands
Glengarry,Russell
exportations,exports
crÃ©ations,property
choses,19
films,productions
nÃ©gociation,collective
paiements,payments
nÃ©gocier,negociations
lu,motions
considÃ©rables,mobilized
progrÃ¨s,achieved
prÃ©sentaient,element
solution,magic
prestation,Benefit
Ã©quivaut,Canadair
type,property
pourrais,19
fortes,strong
sauvetage,Saguenay
36e,36
comitÃ©,Committee
6.42,carpenters
rapports,predictability
ouverture,opening
irrÃ©mÃ©diablement,forever
propres,careers
posent,Candu
malheureusement,unfortunately
meilleures,standards
mandat,mandate
parvenus,succeeded
nets,facts
investissements,strategic
principaux,indicators
incident,occurred
irai,statistics
spÃ©cialisÃ©s,"25,000"
2.8c,litre
extÃ©rieur,Outward
auprÃ¨s,immediately
prostituÃ©e,taxi
restructuration,restructuring
service,servant
dispositions,elect
vapeur,negociations
juge,causes
Petro,short
justes,Alliance
argument,faulty
gÃ©nÃ©rer,stable
ans,53
tenaient,Conservatives
SÃ‰ANCE,SITTING
touchant,interested
amÃ©liorerons,term
amÃ©liorera,effectiveness
commercialiser,commercialize
mauvaise,estimates
gauche,doors
nantis,poor
contribuÃ©,instance
employÃ©s,careers
valeurs,values
collÃ¨gue,says
gladiateurs,gladiators
adoptons,excuses
originales,suggestions
chemins,Action
harcÃ¨lements,harassment
brise,drug
budgets,asked
collÃ¨ge,excellence
informÃ©,informed
prÃªt,ready
amÃ©ricains,Reagan
complÃ©tÃ©,34
universalitÃ©,allowance
travaillions,competency
sÃ©nateurs,/
guidera,Framework
incapable,Toronto
Autochtones,Head
aliments,shampoo
approche,prudent
traversÃ©,coasted
dette,ratio
montrÃ©e,Telecom
combien,Office
mine,morning
discours,speech
diffÃ©rente,different
longtemps,got
proposerais,Forrestall
montÃ©,coasted
tard,later
audience,compulsory
seconde,workplace
Mme,Sarmite
sources,poverty
prÃ©sentation,introduction
permanents,except
signale,suspend
rideaux,doors
possible,highest
libÃ©ralisation,liberalized
Timmins,relates
travailler,unable
Colombie,British
plaisir,Niagara
leurs,celebrate
telle,1978
emplois,jobs
3,district
publique,reform
COMITÃ‰,WHOLE
puis,Arctic
difficultÃ©s,difficulty
entendu,heard
pourront,poverty
absorber,steps
Canada,canada
sociÃ©tÃ©s,companies
institutions,talent
justice,Rights
mardi,23
rÃ©seau,cables
presse,October
train,considering
ciblÃ©e,targeted
prononcÃ©,Houses
auxquelles,endowed
contribution,Tax
saisie,near
historique,historic
insensÃ©,sense
scrutin,counting
inondations,Saguenay
laisser,supplementaries
raisonnables,conciliatory
obstacles,excellence
indiennes,remainder
connais,neighbouring
celle,incentive
compÃ©tence,competency
commencent,growers
compte,Wyman
gardera,light
gÃªnÃ©s,field
asseoir,prospective
branchÃ©,2000
pÃ©naliser,lawyers
siÃ¨gent,doors
compagnies,airline
transforme,revolution
interrompre,interrupt
renforÃ§ons,reinforcing
Ã©tudiants,students
souvenons,remember
instaurÃ©,Fort
maniÃ¨re,speaking
croisade,1994
vers,Outward
proposera,unsealed
depuis,since
Ã©lectricitÃ©,transmission
grecques,VIA
denrÃ©e,rule
fut,1934
prie,displays
sans,unafraid
information,systems
debout,paying
soutenue,standard
efforcer,memories
permanent,noted
collectivitÃ©,assume
attirer,attract
intelligence,sensible
tantÃ´t,bet
vendent,selling
causes,pace
accÃ©lÃ©rer,accelerate
domestiques,shampoo
lui,him
surproduction,overproduction
outils,equip
urgence,emergency
avantage,thirds
conseil,Youth
risquions,misunderstanding
augmenter,jointly
mesdames,ladies
initiative,poverty
suivi,October
440,roughly
devons,must
comprÃ©hensible,understandable
hautement,PT6
prison,stayed
populations,accompanying
actions,Conservatives
prudente,prudent
taxi,unlawful
dÃ©bouchÃ©,consensus
mouvement,op
respectant,value
immÃ©diat,workplace
mÃ©dicaux,medical
chaque,each
dÃ©terminer,situations
abordable,Pension
requises,qualities
cÃ¢bles,cables
augmentera,30
pÃ©nible,painful
touchent,5.23
savez,servant
appuient,agree
alphabÃ©tique,alphabetical
Ã©largi,broader
sens,basic
toundra,prairies
Sud,York
Ã‰quipe,missions
menace,Confederation
le,:
Affaires,remainder
directeur,Lamer
nation,severing
reliÃ©s,connected
montrer,displays
sourire,control
second,expand
dÃ©mocrates,forecasters
enfants,children
agit,syndrome
influence,entire
Rouge,Saguenay
coordonnÃ©e,fashion
quatriÃ¨me,fourth
profondeur,ravages
12,12.44
"2,958",salary
prorogÃ©e,27
certes,surely
caractÃ¨re,differentiate
affaiblis,weaker
Ã‰LECTION,SPEAKER
adoptÃ©es,motions
advenu,incident
faÃ§on,none
:,follows
sociÃ©tÃ©,society
notes,March
officiellement,officially
suspendre,completed
partenaires,partners
Arctic,answer
mesures,initiatives
critiques,criticism
23,Tuesday
souligner,intention
mots,words
vaut,Timmins
aspirations,walks
MontrÃ©al,VIA
jouent,engage
chose,good
greffier,Clerk
faibles,decades
"250,000",grants
Nouveau,Heath
rÃ©investissement,Framework
productive,prospective
Finances,Turner
assumer,assume
nouvel,sharing
participer,capacities
plans,industrial
paye,paying
avaient,advice
Ã©minente,harassment
pourtant,unacceptably
dire,say
850,Tax
prÃ¨s,Canadair
technologie,talent
aideront,excellence
investir,investing
arracher,subgovernment
excellent,fine
demain,tomorrow
impensables,distance
table,contents
ces,these
dÃ©terminent,emphasis
puisse,Providence
mobilitÃ©,mobility
oblige,document
promesses,pledges
fiertÃ©,source
services,primary
trop,too
annexer,bills
Manitoba,PC
centre,Montreal
Parent,chair
nombreux,suggestions
soviÃ©tique,Alliance
Wilfrid,almost
Ã©videmment,mobilized
retournÃ©es,force
aujourd',today
collective,seem
langue,careers
attendre,suggested
trÃ¨s,overproduction
augmentÃ©,7
taxe,cents
travaux,professionals
distinctives,identity
handicapÃ©es,j
droit,right
regagnÃ©,regained
mondiaux,practical
anciens,m
Ã©conomiques,economic
redoublera,redouble
prenons,Petro
rÃ©duction,clarify
interventions,spoken
incroyable,laughing
coÃ»t,burden
transparence,predictability
primordial,stimulating
huissier,Gentleman
maladie,medicare
effectuer,strategic
rÃ©gime,System
construction,processing
modifiant,42
permis,subgovernment
avant,forward
coopÃ©ration,face
Ã©nergie,incentive
an,year
trÃ¨shon.,Jean
souffle,enters
officielle,official
legs,tradition
invitation,fallen
dÃ©tail,retail
prÃ©nom,print
trente,session
instruits,educated
coeur,bottom
vice,Deputy
blÃ©,Wheat
pense,regardless
plein,Office
ressources,resources
grÃ¢ce,blessings
fais,alerting
administrÃ©,administered
utilisant,doors
applique,automobiles
universitaire,goes
reprÃ©sente,represents
crÃ©Ã©,mentorship
dÃ©clarait,Wilfrid
chargÃ©,Board
proposent,differentiate
seul,surely
utilisons,solution
expÃ©rience,experience
bientÃ´t,near
respectons,pledges
conformÃ©ment,Orders
pourquoi,why
70,annum
suivants,eligible
donne,indicates
savons,capitalize
fournit,remainder
prÃ©voyons,discussions
subvention,Reagan
charabia,gobbledy
confÃ¨re,endowed
Nunziata,South
raisons,study
concrÃ¨te,protect
Ã©tat,constant
heureusement,fortunately
coopÃ©rer,operative
entendre,indicates
ses,its
sÃ©rieux,fishing
Ã©vidence,op
East,Dartmouth
utilisÃ©es,figure
instruite,educated
facile,rather
INTERNE,INTERNAL
devraient,context
toxiques,practical
transports,directed
trois,three
aÃ©riennes,airline
profit,Parks
conserveries,cause
dÃ©pensÃ©,manner
mes,duties
intervention,55
"225,000",spent
!,hear
langage,qualms
bÃ¢timent,boats
porc,outright
MEER,remainder
consulterait,promises
attendent,severing
sociales,emphasis
2,By
donnant,55
marchÃ©s,Wyman
incite,goals
Loi,office
rechange,incarceration
forÃªts,%
me,sit
partie,RIDA
Juin,mention
Bow,debate
augmentant,excellence
nÃ©gociations,negotiations
voilÃ,actual
satisfaire,harmony
Calgary,inherent
rues,intents
centaines,hundreds
heureuse,provided
fixÃ©es,limits
respect,mutual
lien,link
53,friend
Messieurs,ladies
abandonnent,farming
ayons,goals
industries,attract
delÃ,goes
veulent,results
chimiques,practical
bÃ¢tir,Calgary
avance,joining
peines,incarceration
mÃ©thodes,procedures
Ã‰lu,endowed
ministÃ©rielles,55
VÃ©rificateur,Auditor
chapitre,elect
rapporter,fallen
garde,watched
Catterall,Queen
rÃ©gionale,Expansion
appliquent,apply
on,agreement
fournisseurs,growers
groupes,discussion
exploiter,capitalize
action,lively
Western,answer
Bulte,Ms.
pÃªche,boats
annuels,guaranteed
chambres,COMMONS
convoquÃ©es,27
Unies,Nations
espÃ¨re,hope
conduitM.,seat
inquiÃ©tons,environment
menuisiers,5.23
qualitÃ©,quality
socioculturelle,targeted
participation,past
destructifs,effects
permettra,production
rendues,fallen
optimisme,optimism
bibliothÃ¨ques,transacting
sert,justification
avertir,alerting
quittent,doors
Ã©conomique,economic
familles,families
rende,immediately
dÃ©fendre,pick
comprÃ©hension,understanding
utilitÃ©,poor
saisis,substantive
public,retired
attirant,attracting
mentionne,criteria
devient,growers
brisons,severing
crise,coasted
midi,afternoon
dÃ©vÃªtir,harassment
St.,tube
engagement,commitment
associations,athletic
violents,incarceration
Preston,Manning
sortent,doors
rÃ©affirmÃ©,reiterated
compenser,compensated
sÃ©rieuses,conciliatory
ou,or
prÃ©alablement,Treaty
fondamentaux,speaking
subissent,rule
diversifiÃ©,acclaim
1985,exports
bÃ©nÃ©fices,watched
connaÃ®tre,science
collÃ¨gues,colleagues
sensiblement,commercialize
auxquels,face
sÃ©rieuse,serious
domaines,reiterated
reconnaissance,Calgary
sains,efforts
modification,determining
personnel,similarly
relance,consultations
coÃ»tera,continually
1970,lowest
gros,basic
producteurs,producers
indicateurs,broader
sentent,homes
honorables,honourable
agricole,farm
leur,their
garanti,applauding
tour,ballot
incombe,agent
embranchements,close
tÃ¢che,task
distinction,missile
triomphe,triumph
douceur,sensible
PREMIÃˆRE,TH
oui,reached
liens,demonstrate
meilleur,better
secteur,sector
touchÃ©,appreciated
vu,sorry
presque,study
PRÃ‰SIDENT,SPEAKER
inflationniste,inflationary
avancer,vote
directement,directly
Parcs,Parks
stigmatisÃ©es,49
chambre,officially
particulier,comment
Ã©quilibrÃ©e,prudent
simple,overriding
habile,Telecom
aurait,Verdun
article,reads
capital,supporting
affichÃ©e,posted
campagne,liberalized
Ã©viter,excuses
dÃ©poser,wishing
appliquer,rather
toutes,share
compromettre,misunderstanding
suprÃªme,compulsory
sÃ©curitÃ©,safe
genre,qualms
sauf,criticism
amateur,athletic
retenir,context
dernier,4
pourra,near
nuclÃ©aires,distinction
car,because
boissons,shampoo
alcool,drug
carcÃ©raux,production
fera,effort
niveau,level
retentira,completed
culturels,educational
ComitÃ©,f
rapportÃ©s,27
saine,belongs
cent,almost
seules,49
amÃ¨nent,Forces
isolÃ©ment,recognizing
34,retired
pluies,completely
rencontrÃ©,hooker
restaient,stayed
passer,excuses
permettre,privilege
administrer,rationalize
heures,met
dÃ©clare,Toronto
socio,realities
Ã©lection,Caccia
lorsque,when
assurant,colleges
villages,towns
"1,122,000",divorced
demandes,applications
ici,here
administratif,separate
forestiers,distribution
toute,premise
consultÃ©,sat
ceux,attract
venez,colleagues
Laurier,imagined
traiterions,treating
responsable,owe
),sixteen
autant,criticism
suspendue,suspended
ordinateurs,cables
Taylor,debate
dÃ©pend,depends
portant,guaranteed
chances,emphasis
Nos,villages
soucie,concern
mazout,burning
neuf,nine
siÃ©geant,90
popularitÃ©,coasted
lÃ©gal,intents
verront,participate
flambeau,opinion
sa,liberalized
dÃ»,"25,000"
graves,dislocation
grave,laughing
baisse,adjusted
convenablement,properly
utiles,intents
entreprises,businesses
Alberta,Institution
affirmer,fair
reflÃ¨te,added
forces,military
"""",works
commenter,comment
approuvÃ©s,expenditures
pÃ©trole,relieve
conjuguant,combining
largement,lavish
faciliter,smooth
distinctions,discrimination
dÃ©finir,certain
rÃ©pondu,responded
Weston,South
appuis,mobilized
crÃ©e,dislocation
expÃ©dition,dispatch
savon,shampoo
budget,Budget
ravin,24L
thÃ©Ã¢tre,performed
fixe,retail
provinciaux,provincial
engagÃ©,Commission
rÃ©agir,emergency
nÃ©cessairement,compliance
100,offer
gagnent,performed
long,term
deuxiÃ¨me,second
admiration,acclaim
permet,Beaches
contrevenants,incarceration
collaboration,partnership
sagesse,vigilant
dÃ©mocratique,democratic
intÃ©rÃªt,interest
millÃ©naire,millennium
su,ERDA
gÃ©nÃ©rositÃ©,generosity
promets,duties
contreparties,association
mesure,fair
combattants,m
fondera,succeeded
moyens,difference
ampleur,equalization
Ã©normes,tremendous
distances,distance
bravo,hear
dÃ©cidÃ©,decided
peut,claim
tant,spokespersons
acharnement,neighbouring
centenaire,Lester
sÃ©rieusement,relations
aime,op
troisiÃ¨me,third
veux,statistics
davantage,audiences
inquiÃ©ter,lines
fini,completed
interroger,raises
.,eight
uniront,broader
sous,subgovernment
promouvoir,promote
fÃ©dÃ©ral,federal
succÃ¨s,success
mondialisation,multicultural
personnes,Manitoba
dÃ©libÃ©rations,Providence
criminelle,local
milliards,billion
pement,e
Kenneth,scientists
partage,advanced
cru,COJO
portÃ©e,distinction
1978,ban
poser,supplementary
lieu,instead
ajoutÃ©s,added
Telecom,savvy
Prix,Award
trouvent,urgent
octroyÃ©s,"250,000"
tolÃ©rance,tolerance
encourageront,excellence
apprÃªte,enters
position,denigrated
formes,incarceration
se,place
assurÃ©,hand
profitent,redouble
rÃ©vÃ©lateurs,agricultural
critÃ¨re,discriminate
%,per
gÃ©rÃ©s,Parks
souhaitable,truly
seulement,Laval
visite,Forces
revenus,returned
nomination,appointment
essentielle,face
municipalitÃ©s,local
brefs,27
version,Version
destinÃ©e,strategy
continueront,worry
comptent,adjusted
j,Resources
achetÃ©es,buy
Ã©lire,gladiators
prÃ©tendu,talk
ententes,RIDA
apprendre,capacities
effectuÃ©e,universities
dressera,except
bÃ©nÃ©ficiÃ©,affirmative
fonctions,duties
atteindre,audiences
4,did
consulter,certain
rÃ©sultats,results
accord,agree
h,p.m.
voici,article
produit,ratio
fermement,administered
jouir,tools
prononcent,without
liquidÃ©,steps
consacre,supportive
difficile,difficult
bureaux,"98,355"
oubliÃ©,moves
seuil,overriding
guider,Providence
large,culminate
prospÃ©ritÃ©,prosperity
mettre,prison
Beaufort,others
attaqueront,Ministers
bas,net
scÃ¨ne,somehow
MATIÃˆRES,contents
motion,terms
riviÃ¨re,Saguenay
innovation,pragmatism
agrÃ©ment,Parks
rÃ©gie,42
oublier,memories
nationales,contribution
prÃ©sentement,Beaches
engager,engage
comprends,70
aÃ®nÃ©s,Pension
venait,stayed
permettez,conclude
sÃ»r,stable
pensons,accept
existe,magic
charge,lawyers
laissÃ©,inflationary
mentors,mentor
aspect,element
ami,considered
tenus,memories
diminuÃ©,decreased
oÃ¹,where
constant,maintaining
dÃ©penser,spend
votre,your
rÃ©alisÃ©s,achieved
partagent,Nations
prometteur,richness
pleinement,fully
milliers,thousands
prÃ©cisÃ©,except
Ã¢gÃ©es,oppose
Statuts,42
suggestion,stick
parlementaire,considering
rÃ©alitÃ©,fact
devaient,professionals
Moncton,carpenters
surmonter,overcome
renouvellement,Service
exposera,censorship
appuiera,expanding
multilatÃ©rales,Nations
peuples,Peoples
spÃ©cial,55
mieux,Timmins
posture,estimates
Ã©chelle,acclaim
conformer,compliance
celles,priorities
Ã©tions,gladiators
prÃ©sentÃ©s,bills
conformes,gala
offertes,Opportunities
songeaient,close
bill,reflected
prononcÃ©s,applauding
levÃ©e,3.29
aidera,mark
croirait,surely
rÃ©ponses,bother
dÃ©roulent,embarrassed
intÃ©ressÃ©es,interested
exigences,statute
considÃ©rÃ©,Victoria
demandiez,seek
rÃ©affectation,Framework
mÃ©dicaments,drugs
Bergeron,Queen
souvenir,light
SESSION,opening
M.,Mulroney
complexitÃ©,complexity
apportÃ©es,direct
compliquÃ©s,cumbersome
appuyer,supporting
augmentaient,lose
dÃ©velop,e
nÃ©glige,primarily
femme,wife
Il,previously
OTAN,indispensable
sir,Wilfrid
fondÃ©e,redouble
garantir,essentially
pas,not
dissuasion,indispensable
responsables,nurturing
destinÃ©es,explore
horizons,engagement
contexte,face
journaliste,Timmins
malentendu,clear
rompant,demonstrate
majoritÃ©,majority
renseignements,near
assurera,ratio
motivÃ©,removal
cinq,completed
lÃ©gitimitÃ©,endowed
endroit,place
trouvÃ©,workplace
faut,target
compliquÃ©,difficult
paroles,beliefs
apportÃ©,balance
budgÃ©taire,watched
universitÃ©,excellence
fonder,began
rÃ©arrestation,syndrome
changements,collectively
exploitation,production
pouvez,1978
dis,pretends
ignore,whether
paquet,unsealing
allaient,lose
Ã©galitÃ©,equality
rappelle,remind
Ind,South
libÃ©raux,admit
analyse,near
opposÃ©,Conservatives
collectivitÃ©s,communities
adaptera,realities
Britannique,British
SupÃ©rieur,Penner
fonctionnaires,contradiction
quant,qualms
hansard,edited
privilÃ¨ges,privileges
PT7,engine
militer,populations
candidat,print
si,if
gazoduc,talking
fallait,St.
mon,faulty
relancer,solution
part,reason
reprÃ©sentants,representatives
discrimination,discriminate
reprÃ©sentant,Strahl
risque,incarceration
rejetÃ©,outright
juridiques,responses
RÃ¨glement,pursuant
distinctif,differentiate
respecter,recommendations
avancement,careers
saurait,liberty
explications,asking
acides,completely
petit,moment
vÃ©ritables,severing
rÃ©duiront,buy
secret,marked
tendance,line
MassÃ©,Marcel
estompent,distance
compÃ©tences,skills
payer,attitude
nommer,wishes
atelier,steps
devant,Houses
punies,49
Ã©tude,bill
mobiliser,mobilizing
prÃ©levÃ©e,refunded
Ã©valuÃ©s,evaluated
entraide,Award
noire,Gentleman
perdent,taxes
envisagÃ©e,relations
santÃ©,health
rÃ©clamÃ©,confirm
respectaient,gala
candidats,list
consiste,loan
illÃ©gal,taxi
Candu,nuclear
rebaptisÃ©e,1934
destinÃ©,goal
propriÃ©taires,lose
transmette,enters
pupitre,desk
noms,names
parler,parliament
conduit,prudent
faudrait,365
naturel,acclaim
Ã©panouir,focussing
idÃ©es,ideas
dÃ©couvert,line
tensions,dislocation
retrouve,strains
mÃ©tier,hooker
placÃ©,positioned
Expansion,honesty
fondamentalement,agricultural
cÃ©lÃ©bration,celebrating
songeait,Timmins
rapidement,attracting
dessus,fought
chÃ´mage,unemployment
rÃ©ponse,Reply
chauffait,burning
monsieur,Mr.
performance,preferred
venir,invite
vouloir,confirm
autres,other
Ã©coper,lose
vaillants,"1,800"
rÃ©aliste,sensible
1984,March
consentement,seek
Ã‰tant,face
mesurera,assess
auparavant,selling
Cochrane,free
humainement,responded
rengaine,continually
social,prudent
hommes,triumph
essaie,student
annÃ©es,years
stratÃ©giques,strategic
gÃ©nÃ©rales,remarks
stupides,memories
mer,Beaufort
ait,momentum
unanime,seek
femmes,women
m.,Wyman
erreur,differentiate
contre,against
ambitieux,ambitious
capable,goals
fournisseur,discuss
touche,roots
caucus,council
manque,lost
inquiets,nonetheless
intÃ©ressÃ©s,discussion
oeuvrera,goal
serre,practical
effectuÃ©es,incident
Justice,responded
aspects,implications
adoptifs,moreover
diabÃ¨te,tuberculosis
pÃªches,g
option,nuclear
crÃ©ateurs,adoption
semaine,week
assurait,watched
question,matter
majeure,RIDA
quel,property
amÃ©lioration,climate
hÃ©roÃ¯sme,Saguenay
Marcel,Mass
dollars,million
formerons,adoption
remerciements,confer
surpÃªche,fishing
famille,family
mentionner,announced
prÃ©parÃ©s,sound
moi,conclude
substitution,104
disponibles,"98,355"
trouve,differing
unitÃ©s,Forces
Ã©changes,exchange
Toronto,friend
humbles,confer
concessions,weaker
annuel,70
office,respecting
envisagent,optimism
leaders,Premiers
Commissaire,recommendations
fasse,issue
provoquer,internal
