Privy|Bloc
received|recueilli
restrict|restreindre
followed|facultatives
10|9p.
negociations|vapeur
like|voudrais
imagined|dépassera
renew|renouvellement
arises|multiples
accompanying|populations
NDP|pessimistes
use|quant
treats|renfloue
John|John
perfect|consultatif
Centre|Centre
Tuesday|mardi
managed|profit
much|beaucoup
operations|réduiront
item|commenter
here|parquet
speaking|fondamentaux
Moncton|Moncton
Sunday|dissoutes
pork|régularisation
inflationary|inflationniste
stands|ajourne
renamed|1934
forget|régularisation
burden|supérieur
banks|renflouer
historic|historique
honesty|honnêteté
ill|mal
nonetheless|inquiets
husband|35,000
demand|ferroviaire
further|cesser
enhance|paix
suggest|processus
respect|respect
words|mots
intention|devenu
Red|promptitude
12.44|44
recommend|recommande
where|CAI
hoax|comédie
security|prononcés
criminal|intégrera
850|850
group|prétendu
value|garantirons
entire|influence
willing|vapeur
near|bientôt
discovered|hausse
executive|vacant
Victoria|Victoria
opportunities|possibilités
house|COMMUNES
sense|insensé
.|.
me|permettez
marked|secret
soon|aussitôt
woodlands|amicale
resumed|reprend
1934|1934
contradiction|contradiction
gloom|pessimistes
invite|venir
25|25
help|aider
real|agriculteurs
unable|incapables
draw|retiré
Investigation|Division
contributes|brise
seek|consentement
alcohol|brise
disturbed|répétera
co|coopérer
officer|vacant
addressing|priorités
mentorship|pancanadien
playwrights|techniciens
hope|espère
bring|transparent
survivor|survivant
social|sociale
disasters|promptitude
marks|marque
puts|transparent
populations|populations
mention|21
early|Division
solution|miracle
preparations|orateur
Quality|domaine
Opposition|opposition
noted|28
helps|Indiens
Challenge|défi
property|quel
work|travail
attitude|comporter
1997|1997
we|nous
hate|bonnes
edited|NUMÉRO
pleasure|Centre
six|six
multi|vidéos
operating|partagent
no|personne
happening|passe
internationalism|internationalisme
spring|austérité
to|à
contact|taxi
98,355|98,355
Windsor|Windsor
down|forcez
Right|Bégin
capacity|capacité
Our|jeté
taking|déroulent
longer|autour
hurry|vapeur
means|adapté
amend|supplément
maintain|irréversible
January|convenu
northern|amicale
440|440
missile|nucléaires
Queen|Bloc
Good|domaine
read|lu
rain|pluies
System|édifions
understand|compliqué
Centres|approfondir
celebrating|célébration
make|insertion
congratulations|fond
least|moins
November|novembre
inadequate|devient
start|départ
reduction|préciser
steps|ferons
do|faire
construction|construction
first|première
simple|simple
National|nationale
ii|ii
alphabetical|alphabétique
punished|seules
leadership|leadership
Status|humaines
fair|équitable
growers|devient
placed|déposée
tells|simplement
stronger|garantirons
12|12
agreements|accords
Western|Western
second|deuxième
practical|mondiaux
intermediate|nucléaires
require|faudra
west|consultatif
forward|forces
summoning|choisi
Achievement|vers
developing|train
debate|débat
lengthy|réapprovisionnement
family|famille
what|conservateurs
gobbledy|charabia
regard|canadien
Agenda|convenu
documents|documents
justification|sert
friend|53
time|temps
continually|chante
electors|électeurs
emphasis|déterminent
gallant|vaillants
move|proposer
become|péréquation
sensible|intelligence
meetings|réunions
governments|gouvernements
live|respectera
splitting|survivant
presentation|annonce
Communities|offertes
science|science
affirmative|bénéficié
responses|utilisation
separate|séparés
taxi|taxi
necessary|nécessaire
rightly|contredit
profits|budgétaire
Turner|Turner
Columbia|Colombie
trend|hausse
asked|budgets
g|g
total|effectifs
state|inquiets
aerobatic|stationnés
Moose|stationnés
brighter|léguer
General|général
sat|arrivé
alone|arriver
council|Atlantique
order|ordre
fully|pleinement
put|solides
going|entendront
sounded|cinq
issued|secret
forecast|types
culture|culture
aspects|géographiques
rich|admiration
September|septembre
deliberations|divine
millennium|millénaire
reach|soutenant
would|aimerais
cast|procéder
tired|négociation
rates|taux
talent|possède
adjourned|levée
Royal|aussitôt
field|retard
FROM|TRÔNE
emergency|autorités
neglected|négligé
access|accès
learned|différences
Transfer|sociaux
assume|assumer
tax|prélevée
vital|plans
tube|ville
values|valeurs
life|vie
Privileges|trouvait
develop|élaborer
1,800|vaillants
spur|embarcations
developed|pancanadien
ground|concessions
multilateral|partagent
RESUMED|SÉANCE
mobilized|mobilisé
risk|malentendus
promoting|démarche
misrepresented|représentation
promote|promouvoir
SPEAKER|ÉLECTION
First|premiers
farming|agriculteurs
prayers|prière
assist|technologique
365|365
1,122,000|1,122,000
sanctions|sanctions
funds|financer
fishing|sérieux
areas|régions
suspension|suspension
Forward|voie
criminals|réclame
tolerance|tolérance
mill|implanter
therefor|104
side|fortement
destiny|sort
debt|supérieur
stipulated|précisé
greater|Victoria
reflected|signalons
representations|instances
world|monde
Development|Nord
2.30|30
passed|étape
policing|surveillance
remembered|localité
Earth|9p.
motion|motion
ineligible|retiré
it|elle
spends|ERCO
allow|enregistrées
respecting|serments
1998|1998
realities|ruraux
Divine|divine
physical|géographiques
flaws|signalons
fall|automne
rush|concurrence
last|dernière
performer|artistes
mobilizing|réussissons
their|leur
local|criminelle
Jean|trèshon.
Taylor|Taylor
sector|secteur
influence|influence
wires|réseau
things|choses
attempts|négociations
homes|sentent
very|très
degree|dépendra
treating|traiterions
liberalized|libéralisation
experts|ii
wife|femme
establish|approfondir
care|soins
educational|éducatifs
once|pessimistes
harassment|sexuels
attract|fondées
licence|500
impartiality|promets
indicate|informe
'|continu
agree|appuient
unique|unique
heart|fond
standing|RÈGLEMENT
changing|évolue
meets|adapté
painful|période
unite|contribuant
entertainment|loisirs
December|décembre
informed|informé
private|privé
24L|extrémité
informing|ouvrir
well|bien
speaker|orateur
notes|notes
voluntary|facultatives
confident|foi
February|février
offered|apportées
board|BUREAU
members|députés
young|jeunes
never|connu
exit|gauche
best|instruite
commercial|vendues
diminished|irréversible
ways|moindre
public|public
comprehensive|complet
exist|priorité
centre|entretien
Departments|coopérative
left|laissait
not|pas
statute|préciserait
colleague|collègue
service|fonction
method|méthode
Safer|vivre
proclamation|proclamation
excuses|excuses
Bloc|Bloc
consecutive|diminué
environmental|mondiaux
appointed|supplément
withdraw|revenir
attach|présentés
objective|stimuler
retail|clair
Administrative|Robert
moderate|modeste
development|développement
worked|sacrifices
I|je
mechanisms|régularisation
Prescott|Prescott
seasonally|5
heard|entendu
end|note
cannot|penser
independent|croit
associations|associations
familiar|imposaient
March|notes
NUMBER|NUMÉRO
act|agir
Reply|adresse
build|mutuel
Industry|k
42|supplément
foreign|étrangers
three|trois
savvy|montrée
wrong|hypothèse
reflect|électeurs
scientists|éminents
Already|jeté
incredible|incroyable
candidate|lettres
traditional|présentés
unfilled|vacants
calling|Vérificateur
mistake|proposent
censorship|accusations
borrowing|emprunt
proposes|précis
moreover|adoptifs
offenders|risque
books|vidéos
reason|motifs
innovate|innover
understandably|présente
globalization|bilingue
look|examiner
introduce|présenter
markets|élimination
claim|prétendre
beat|autour
pooling|conjuguant
evidence|tenu
conciliatory|conciliantes
Steele|mine
Benefit|prestation
peace|paix
units|amènent
bushel|boisseau
procedures|méthodes
gala|artistes
regions|redoublera
fourteen|quatorze
represents|représente
mace|masse
liberties|restreindre
earlier|heure
producers|producteurs
Jaw|stationnés
surveillance|dépistage
6|6
Union|Union
period|cycle
which|proposera
Esquire|Robert
nurturing|favoriser
marketing|commercialisation
--|...
welcomes|réjouit
divergencies|divergences
stabilization|stabiliser
prudent|social
authorized|financer
at|moment
choose|choisir
half|moitié
writers|techniciens
h|étrangères
grants|250,000
«|«
legal|rues
Version|version
trough|aurais
rest|sort
!|!
disagree|partage
some|certains
Agriculture|agroalimentaire
final|chemins
takes|intelligence
similarly|augmenté
added|électeurs
approaches|rencontreront
likely|2.8c
Pearson|Pearson
Clerk|greffier
sees|fournisseur
Ms.|Sarmite
encompassing|démarche
ties|tissés
Nobel|Nobel
Prairie|chemins
Essex|Windsor
looked|étudié
established|méthodes
directed|transports
oriented|essaie
secret|secret
and|et
force|retournées
Glengarry|Prescott
recent|sacrifices
conduct|développement
Ind|Ind
magic|miracle
Atlantic|Atlantique
Office|plein
atmospheric|éminents
taxed|piastre
partnerships|formerons
OF|DE
seconded|East
By|suit
extent|appliquent
Foundation|jeté
essential|enjeux
systems|systèmes
agriculture|industrie
discrimination|envisagées
levy|voudrait
friendliness|amicale
has|guère
des|artistes
ravine|extrémité
delivered|Trône
know|sait
single|célibataires
discussions|prévoyons
Caccia|Caccia
Beaches|Beaches
goals|objectifs
news|mine
significant|présence
elderly|opposerait
reads|texte
multicultural|bilingue
Opportunities|offertes
management|gestion
His|Excellence
process|méthode
;|;
supplementary|supplémentaire
improved|survivant
language|quant
talked|sexuels
except|précisé
obscure|efforcer
changed|irréversible
floods|promptitude
rejected|régularisation
adjournment|ajournement
contributions|contribution
m|anciens
Youth|Avantage
prosperity|prospérité
signing|signature
into|considération
regional|ententes
back|portera
wonder|vacant
example|exemple
ongoing|vendues
significantly|sensiblement
behind|motivé
runway|extrémité
express|parquet
incomes|devient
proposed|aînés
implement|recommandations
memories|efforcer
meet|satisfaire
hang|négociation
sixteen|seize
initiative|audacieuse
2|2
victims|populations
scholarships|modeste
Foreign|étrangères
Start|partir
104|104
answer|Western
Honourable|suppléant
resume|vapeur
comments|apportées
Excellency|Excellence
choosing|remerciements
successfully|investit
electoral|présider
argument|avis
administered|fermement
reasonable|conciliantes
forest|possèdent
trouble|posture
views|parquet
air|stationnés
types|quel
applauding|prononcés
could|pourrait
bother|ennuyer
riding|diversifiée
often|répétera
sides|aspects
began|fonder
Student|modeste
Bryce|aurais
1978|1978
kinds|prévoyons
mobility|intégration
contribute|truchement
roots|peuple
crowd|cents
commence|alphabétique
working|parviendrons
created|faibles
rescue|promptitude
leave|serments
ladies|mesdames
find|indépendamment
high|haute
Ministers|automne
goes|delà
ever|jamais
interrupt|déférence
low|élaborera
requirements|préciserait
embarrassed|déroulent
funding|financement
relations|relations
throughout|apprentissage
action|rien
station|isoloir
up|respectera
governing|isolément
securing|appartient
canada|prêt
Marcel|Massé
support|soutien
participate|capables
casts|procédera
visited|visité
Paper|annonce
spoken|relativement
services|services
sustainable|aînés
lavish|renfloue
size|demeurons
too|trop
definition|fédérales
federal|fédéral
answers|déclare
Have|jeté
subcommittee|parlementaire
money|argent
bush|autour
confidence|confiance
interacting|paliers
better|meilleur
told|actuel
pipeline|gazoduc
relevant|bureau
enforcement|application
embarassed|retard
activity|abondance
location|industriels
1938|1938
workplace|trouvé
bilingual|bilingue
fear|magnifique
regarded|érosion
official|officielle
proceeding|processus
Don|Don
easy|facultatives
responsible|responsable
Resumed|reprise
information|information
Baie|représentation
President|incroyable
automatic|pensent
1979|1979
join|ajournement
appointment|nomination
plain|clair
us|complexité
net|1938
affected|étau
Montreal|entretien
situation|actuellement
minister|blé
currently|enregistrées
military|forces
create|créer
%|9p.
Official|langues
urge|réclame
ECONOMY|BUREAU
innovation|innovation
900|900
above|puissance
kept|séparés
Governments|définir
provincial|provinciaux
rationalize|remonter
Bar|avocats
prospective|explorer
coming|déposé
reduce|réduire
reinforcing|renforçant
railroad|ferroviaire
WHOLE|PLÉNIER
prices|clair
vessels|mer
disabilities|intégration
dispatch|expédition
forever|irréversible
cables|réseau
Member|député
publicly|fermement
Presiding|élection
arts|soutenant
chamber|revenus
salary|2,958
enjoyment|profit
ruling|envisagées
responded|solliciteur
PARLIAMENT|36E
Parks|profit
payments|paiements
question|question
coast|consultatif
incentive|collectif
purpose|vendues
momentum|abondance
invest|foi
must|doit
rapidly|rapide
shipped|soucier
delivery|sciences
remarks|générales
supplier|fournisseur
criticism|sauf
ensuring|adapté
thing|intéressant
qualities|réussir
thereby|mettrons
instruct|procéder
specific|précis
sentencing|risque
you|vous
guess|automobiles
poor|utilité
member|député
deleting|104
threat|Confédération
violate|limites
3.18|15
if|si
successful|stage
rural|rurales
week|semaine
Calgary|bâtir
34|34
past|historiques
Agri|agroalimentaire
realistic|intelligence
statement|regrette
focussed|diffusion
sent|envoyée
considering|parlementaire
Supplement|supplément
Solicitor|solliciteur
address|face
learning|paliers
participation|historiques
disclosure|reprennent
flexibility|expérimenter
elected|élu
does|prix
universal|familiales
shared|satisfaire
The|Wilfrid
Bill|projet
guide|divine
occurred|effectuées
press|suivi
consider|séparés
Treasury|incroyable
difficulties|résoudre
b|b
recover|populations
women|femmes
prairies|amicale
cents|cents
complex|présente
morning|mine
mine|populations
é|Massé
CDC|cité
specialty|mer
bills|présentés
2.58|58
oh|ah
made|électorale
following|suivantes
result|énormes
instead|lieu
East|East
main|bruit
studies|effectuées
found|pressants
suggested|vaudrait
faced|situations
allocation|épargnes
attorneys|suivi
job|création
proceed|procéder
Dartmouth|East
perspective|Bégin
affairs|gestion
diversified|diversifiée
acknowledgements|remerciements
post|postsecondaire
whether|continueront
interested|intéressées
success|succès
provision|ii
remove|arracher
already|établi
line|hausse
differentiate|proposent
promise|manquer
sitting|séance
bells|Timbre
strategic|continuant
ringing|Timbre
sexual|sexuels
done|remédier
civil|partisane
keep|maintenir
Canadians|Canadiens
breakdown|survivant
spokespersons|êtes
Government|gouvernement
ministers|négociation
factors|facteurs
matter|relations
causes|choisi
Framework|épargnes
amused|sourire
floor|parquet
poised|attend
protected|protégés
human|paix
parliament|entendront
Investment|épargnes
initiatives|initiatives
2.06|6
saying|venons
how|comment
letter|ouvrir
usual|plu
ambitious|ambitieux
foundations|établies
marriage|survivant
Quebec|Québec
worry|continueront
word|quatorze
fought|fit
term|terme
heating|essence
Edge|Avantage
quality|qualité
duplication|réduiront
roughly|440
Artistes|artistes
youth|jeunes
denigrated|persuadé
constant|constant
resource|Indiens
internal|provoquer
recognize|reconnaissent
unfortunately|malheureusement
differing|divers
degraded|constant
adapt|ruraux
sincere|félicitations
from|collègue
53|53
Peoples|peuples
attended|rapporter
within|sein
providing|oppose
now|maintenant
lower|faibles
dispose|no
Usher|noire
say|dire
5.23|Moncton
barriers|élimination
provinces|provinces
about|instant
Montagnes|région
still|élevé
rate|diminué
enters|transmette
endowed|Élu
completed|cinq
please|plaît
your|votre
personal|augmenté
coasts|amicale
Energy|posture
Fund|sciences
parliamentary|parlementaire
matters|avocats
accordingly|conséquence
prison|prisons
49|seules
follow|suivre
lay|bureau
penalize|avocats
sit|explorer
Committee|comité
strains|divergences
Conservative|conservateur
might|Bégin
backbone|servent
base|érosion
quarrel|expressions
facts|faits
generate|sûr
achieve|arriver
budgeted|budgétés
Economy|Avantage
provisions|supplément
questions|sourire
such|tel
gives|expérimenter
economy|économie
countries|paix
immediately|honorable
amended|modifié
constituency|géographiques
limits|limites
serious|sérieuse
International|étrangères
discussion|exprimées
:|:
than|jamais
COJO|cru
Transport|Transports
responsibilities|retenir
excessive|brise
moved|Lib
both|remplir
1970|1938
study|réclame
Robert|Robert
agricultural|fondamentalement
orders|retiré
urgent|pressants
indication|embranchements
detailed|explications
ago|fonder
plans|plans
Resources|humaines
requires|exige
recently|dernièrement
productions|vidéos
Chapter|supplément
indicators|indices
trying|occupons
RIDA|ententes
pleased|fourni
unsealing|paquet
fulfil|plate
36|36e
true|tissés
Senate|Sénat
Century|vers
fresh|9p.
creating|offrir
stand|Élu
ensure|assurer
million|millions
chair|fauteuil
construct|gazoduc
representatives|représentants
kids|essence
bestows|Élu
Immigration|citoyenneté
)|)
technologies|formerons
minutes|pourra
secure|marque
goods|biens
tabled|oblige
greenhouse|mondiaux
Heritage|c
solutions|énormité
indicates|entendre
therefore|conséquent
furthermore|365
belief|enregistrées
should|devrait
able|instants
compulsory|Cour
succeed|réussissons
constraints|imposaient
qualms|quant
accomplish|Équipe
situations|déterminer
evolved|audacieuse
close|embranchements
assistance|aide
4|4
,|,
careers|langue
mechanism|ni
leaving|agriculteurs
health|santé
history|histoire
Caring|dévoués
coordinated|coopérative
companies|sociétés
nose|aurais
improving|constant
Catterall|Bloc
unlawful|taxi
balance|1999
go|motivé
vulnerable|vulnérables
unemployed|vacants
works|techniciens
circumstance|sort
reform|venons
administrative|séparés
lively|action
acid|pluies
previous|orateur
referring|mentionne
light|localité
Deux|région
became|devenu
achievements|espoirs
precious|malentendus
sixth|carcéraux
sort|pareil
enjoy|disposition
discriminate|pareil
beg|remerciements
major|grands
capacities|capables
remember|servent
required|visé
colleagues|collègues
administration|administration
ordinate|définir
description|exactement
New|...
concern|intéresse
impressed|promptitude
legitimacy|Élu
home|domicile
illustrated|Équipe
ten|Vérificateur
differences|différences
leader|axée
certainty|contredit
linked|débouchés
edge|dotation
28|28
European|relations
procedure|présentés
fifty|cinquante
addition|Confédération
point|rappel
thousands|milliers
bringing|restreindre
relieve|réduirait
treasury|bénéficié
impact|répercussions
own|regagnent
there|participation
outstanding|régional
adopted|lu
Forrestall|East
Parliament|législature
Premiers|collaborer
boats|pêche
bail|renflouer
facilities|embarcations
Loans|modeste
31|notes
cumbersome|compliqués
Candu|nucléaire
change|changement
especially|devenu
October|suivi
mainstream|intégration
customers|fournisseur
arise|consulterait
intercontinental|nucléaires
30,000|région
integration|intégration
technical|ERCO
24|vaillants
together|ensemble
destroy|règne
acting|nationales
step|rencontreront
because|car
tremendous|énormes
networks|incluront
desk|pupitre
billion|milliards
centres|centres
suffer|devient
Leader|signalé
optimism|envisagent
served|répondant
fill|extrémité
hallmarks|identité
States|boisseau
farmers|agriculteurs
recommendations|langues
Veterans|anciens
assure|sûr
hooker|voulait
alternative|prêts
accident|accident
giving|charabia
always|toujours
unafraid|crainte
Toronto|Toronto
i|tiens
wishing|déposer
peacekeeping|promptitude
necessarily|nécessairement
Heath|mine
standard|soutenue
assurance|accorder
entry|consacrera
medicare|maladie
Reagan|boisseau
gains|gains
closely|bâtir
Fisheries|g
responding|répondre
link|présente
show|bénéficié
mines|antipersonnel
suspended|suspendue
allocated|sensiblement
incarceration|risque
referred|parlé
resolution|résolution
River|Taylor
wide|pancanadien
30|augmentera
primary|transforme
role|rôle
villages|reflètent
placing|résoudre
tonight|libérer
bestowed|avez
freedom|limites
financial|financiers
redouble|redoublera
changes|courantes
goal|objectif
eligible|éligibles
investing|investir
are|sont
thrive|mette
rooted|énormité
animals|soucier
raise|prison
Health|i
record|suivi
withdrawn|retiré
distinction|nucléaires
NATO|accorder
prime|Nobel
country|pays
?|?
Award|dévoués
Alliance|inspirer
civilian|populations
*|*
asking|explications
street|voulait
strong|fortes
postponed|entretien
district|présider
Weston|Ind
demonstrated|preuve
pet|essence
divisiveness|positifs
inform|informer
feel|estime
obvious|ressorti
stigmatized|seules
op|coopératif
Dr.|éminents
putting|retenir
Monday|22
Boudria|Boudria
vigilant|vigilance
promulgated|promulgués
day|jour
student|essaie
open|ouverts
Secretary|ouvrir
subsidy|boisseau
same|même
commitments|engagements
engagement|réalisent
dear|avez
losing|malentendus
generated|Équipe
preparing|adapté
committees|PLÉNIER
other|autres
confer|remerciements
called|échantillons
Strahl|Bloc
confined|confinées
most|plupart
that|équité
decades|faibles
joyful|période
strength|xxie
serve|uni
succeeded|lesquelles
give|poires
250,000|250,000
relevance|transmette
overriding|primordial
soared|crise
effects|positifs
research|recherche
Preston|Preston
rules|compliqués
laid|masse
rising|réussissons
ahead|joindre
substituting|104
Excellence|approfondir
keeping|vigilance
SITTING|SÉANCE
making|rendre
fairly|élémentaire
c|c
stated|accident
eastern|coopératif
cohesion|cohésion
causing|provoquer
note|note
commend|respecté
schools|paliers
recognized|éminents
provides|offre
played|artistes
personnel|personnel
behalf|plu
allowed|arracher
towns|reflètent
organizations|réalisent
control|sourire
chemicals|mondiaux
statistics|irai
appreciated|profondément
th|XXe
audiences|soutenant
convoked|réunis
THE|TRAVAUX
source|fierté
special|éducatifs
permanent|vacant
creation|création
costs|essence
designed|préparé
buck|piastre
enable|réussissons
Care|domaine
Langley|Bloc
Bowden|carcéraux
meaningful|prisons
extended|bienvenue
retired|34
reforms|forces
dependents|modeste
illustrates|illustre
apart|rompant
cash|sociaux
universities|universités
beyond|delà
diverse|admiration
release|suivi
realize|miracle
forthcoming|rien
stupid|efforcer
fee|500
spending|remonter
Wilfrid|Wilfrid
key|indices
related|tantôt
refunded|prélevée
authority|exclusivement
Commissioner|langues
obviously|coopératif
Prime|premier
relates|journaliste
mark|former
envisaged|envisagées
institution|institution
alternatives|risque
small|petites
almost|Wilfrid
considerations|préparé
environment|magnifique
revolving|tambour
conclude|permettez
subject|relativement
buy|réduiront
negligible|échantillons
subsidiary|ententes
alliance|accorder
accelerate|accélérer
growth|croissance
Chr|trèshon.
relationships|transparence
challenging|fondamentalement
Laval|région
pertinent|prétends
buying|rues
Success|jeté
recognition|bâtir
luxury|comporter
on|attitude
increased|augmenté
few|quelques
bold|audacieuse
steel|implanter
Division|Division
career|essaie
CEMA|oeufs
Halifax|Halifax
challenge|défi
$|$
regularly|permettront
combining|conjuguant
ability|capacité
Officer|élection
Economic|honnêteté
so|assuré
office|serments
effect|effets
enough|suffisant
sharing|partage
misunderstanding|malentendus
principles|principes
poverty|pourront
without|répéter
ages|18
equality|égalité
pick|vont
conference|suivi
1|1
long|long
understandable|compréhensible
democratic|démocratique
mutual|mutuel
distribution|possèdent
triumph|rassemble
nor|aucun
bill|bill
35,000|35,000
finds|vacants
probing|sourire
fishermen|consulterait
contemplated|annuel
reminded|contribution
shall|précisé
abroad|étranger
Seniors|aînés
believe|croire
Speakers|répéter
corporations|sociétés
ingredient|enjeux
realizing|espace
surely|croirait
beneficiaries|9p.
rational|nucléaires
association|fédérales
precedents|anormal
medical|reconnaissent
sound|préparés
Day|21
is|est
talents|talents
homeowners|écoper
with|avec
1975|1975
Telecom|montrée
Canada|Canada
thirds|tiers
set|établi
firmly|fermement
Plan|aînés
capital|capital
organized|énormité
depends|dépend
any|quelconque
includes|fédérales
TH|36E
actually|bâtis
2.8|2.8c
st|XXIe
equity|fédéraux
him|rappellerai
spelled|préciserait
test|essaie
break|poires
They|98,355
after|aurai
subjected|essaie
Quebecois|Bloc
owned|concurrence
passage|préciserait
inherent|bâtir
minded|partagent
Nations|partagent
Environment|dévelop
brought|finances
adjusted|5
popularity|crise
commodity|étau
amendments|amendements
resources|ressources
went|poursuis
25,000|importer
tell|équitable
prostitute|taxi
unanimous|consentement
ask|demander
tuberculosis|tuberculose
ownership|cité
five|cinq
loudly|levés
recognizing|isolément
needs|besoins
driver|taxi
taken|pris
continued|ajouterais
Parent|Parent
beliefs|paroles
non|nécessairement
failure|régional
difference|moyens
acclaim|admiration
as|comme
estimates|posture
disrobe|sexuels
operative|coopérer
reaching|tendre
analysing|bientôt
erosion|érosion
citizens|citoyens
her|Bégin
privilege|poursuivre
proven|pessimistes
sailors|vaillants
paid|versés
dedication|dévouement
basic|fondamentaux
approach|abordera
series|série
Comeau|représentation
House|Chambre
lawyers|avocats
who|âgées
caused|énormité
appropriate|financer
carry|transmette
efforts|efforts
Standing|conformément
summoned|dissoutes
legacy|héritage
widest|postsecondaire
pervasive|répercussions
notice|modifié
students|étudiants
pledge|promets
pragmatism|pragmatisme
extraordinary|contredit
count|Rendons
connected|branché
get|relancer
exploit|technologique
published|annonce
children|enfants
wish|souhaitent
explained|expliqué
Re|épargnes
solved|abondance
abattoirs|bâtis
pharmacare|sciences
helping|consacrera
engine|puissance
understanding|compréhension
mostly|900
tien|trèshon.
York|Ind
Ministry|extrémité
decisions|entendre
measure|permettront
projects|originales
through|grâce
lost|fiscales
applaud|réunions
Canadian|canadiennes
liberty|déroger
6.42|Moncton
all|tous
18|18
ban|pouvez
library|ERCO
harmony|satisfaire
professional|partisane
determine|déterminer
crop|fléchir
»|»
St.|Saint
out|tendre
cities|reflètent
ballots|scrutin
stayed|prison
Budget|budget
benefits|relance
treaty|traité
communities|collectivités
thus|géographiques
share|redoublera
ravages|énormité
announced|mentionner
toys|loisirs
town|ville
isolate|réadapter
started|lesquelles
technological|technologique
Tax|850
implemented|bruit
far|jusque
stick|essaierons
Limited|1934
session|ouvrir
Mass|Massé
adoptive|adoptifs
Lib|Lib
imposed|limites
decided|foi
actual|actuellement
undertake|suivantes
suspend|signale
severe|graves
owe|responsable
water|9p.
or|ou
responsibility|responsabilité
automobiles|automobiles
four|quatre
bailing|renfloue
Credit|occupons
refugee|réfugié
platform|plate
broader|élargi
built|embarcations
renewal|rencontreront
divert|empêcher
unacceptable|inacceptable
forests|9p.
Laurier|Laurier
moving|voie
Providence|divine
stable|sûr
percentage|effectifs
different|différente
being|étant
transmission|électricité
attention|attention
stewards|9p.
contents|MATIÈRES
diabetes|tuberculose
firm|regrette
them|eux
play|jouer
international|internationale
comes|ententes
educated|instruits
blessings|Rendons
loading|ferroviaire
times|1,122,000
writing|écrit
7|augmenté
eight|huitièmement
selling|vendent
population|déterminent
samples|échantillons
21|XXIe
supporting|science
Social|sociaux
authorities|autorités
integrate|intégrera
begin|devient
challenges|sacrifices
refrain|cesser
makes|tire
extend|félicitations
below|précisé
June|juin
battle|vaillants
namely|supplément
Kenneth|éminents
Report|aussitôt
media|vidéos
29|trouvait
complicated|compliqués
ratio|brut
beginning|début
unusual|anormal
premiums|récolte
drop|5
good|bon
price|étau
vacated|conduitM.
be|être
British|Colombie
large|audacieuse
additional|supplémentaires
absolute|résoudre
indispensable|accorder
"|quatorze
collected|prélevée
problem|problème
225,000|région
servant|service
somehow|éclipsé
supportive|épanouies
risks|risques
equal|440
constructive|constructif
ERDA|régional
loan|prêts
paying|paye
announcement|oeufs
twenty|21
intend|embranchements
CFB|stationnés
missions|Équipe
written|éminents
Company|1934
holds|9p.
Superior|libérer
tradition|legs
pretends|prétend
table|table
expanding|appuiera
sources|pourront
accordance|annonce
Head|partir
clause|présentés
quite|considérable
recovery|relancer
months|mois
gook|charabia
trade|commerciales
moneys|prétends
fallen|rapporter
strikes|peuple
Reform|Bloc
23|mardi
system|régime
maintaining|constant
report|rapport
yet|pourtant
later|tard
cuts|fin
community|communautaires
Minister|ministre
increasing|électeurs
officials|refusé
nuclear|nucléaire
fact|réalité
1984|1984
lasting|social
establishing|sciences
12.5|sociaux
opinions|allez
negotiations|négociations
earn|devient
Mulroney|Mulroney
foundation|lesquelles
got|reçu
used|répéter
unity|unité
Chairman|nomination
theory|motivé
problems|problèmes
breaks|brise
partners|partenaires
active|réalisent
guaranteed|sociaux
inflation|inflation
greatest|forger
two|deux
among|pourtant
essentially|ni
adds|2.8c
wall|scellé
Human|l
remind|rappelle
supplementaries|devrions
possible|possible
severing|tissés
THRONE|TRÔNE
option|nucléaire
secondary|postsecondaire
deep|énormité
refuses|croire
gating|tambour
national|national
Canadair|440
decreased|diminué
benefit|survivant
present|actuelle
article|texte
colour|couleur
rather|facultatives
parties|parties
unions|importants
Progressive|oppose
Sarmite|Sarmite
p.m.|heures
upon|posée
Supreme|Cour
sick|négociation
performance|industriels
Drouin|Drouin
criteria|mentionne
Opportunity|offrir
growing|audacieuse
reasons|réclame
industries|transforme
laughing|incroyable
doing|climat
2.29|29
an|force
excess|365
deepen|approfondir
Arctic|Western
our|nos
presented|seules
Regional|honnêteté
product|montrée
initial|juillet
approximately|Affaires
Gagliano|Bloc
unsealed|processus
market|m.
Advisory|consultatif
plays|vidéos
inadvisable|cru
bit|utilité
my|mon
fail|irréversible
gladiators|gladiateurs
partnership|partenariat
stations|secret
generosity|générosité
technicians|techniciens
watched|budgétaire
protect|concrète
anxiety|inquiets
thank|remercie
mentioned|orateur
persistence|persévérance
under|augmenté
individual|envoyée
Action|chemins
consult|arrivé
deal|négociations
destination|industriels
heroic|promptitude
respond|approfondir
neighbouring|persévérance
toxic|mondiaux
fiscal|1999
places|profit
enhanced|incluront
pace|multiples
introduction|présentation
disregard|manquer
sex|rues
political|indépendamment
interfering|concurrence
laureate|Nobel
deficit|sourire
since|attendons
employed|plein
expenditures|financer
judgment|envoyée
consensus|audacieuse
opening|ouverture
prepare|réapprovisionnement
Beaufort|mer
regained|excéder
overproduction|connaissent
fees|artistes
accommodate|différences
performed|techniciens
income|revenu
moves|marche
fine|fructueuse
law|criminelle
looking|extérieur
2,958|2,958
urban|900
identity|identité
3|3
spent|prétends
Gilbert|Centre
chance|instruction
Young|offrir
consent|consentement
frankness|transparent
constitution|constitution
tech|types
chain|alimentaire
speak|crainte
education|éducation
Built|jeté
MOT|accident
terms|libellé
building|édification
wanted|voulait
indeed|confiant
committed|résolu
foremost|éminents
Hare|éminents
weaker|concessions
FIRA|pensent
constrained|limites
perhaps|no
absolutely|aucune
involving|essaie
dedicated|dévoués
explanation|explications
generation|génération
suggestion|essaierons
Trade|étrangères
pursuant|conformément
savings|énormes
territorial|territoriaux
bound|déroger
really|modifie
Transportation|1934
oaths|De
provided|fourni
depend|tributaire
preferred|industriels
Career|Avantage
pursue|sûr
Timmins|journaliste
caucus|caucus
before|auparavant
unacceptably|18
Bulte|Sarmite
mandate|mandat
getting|insertion
Saguenay|promptitude
this|cette
consideration|Trône
Creativity|créativité
creative|originales
Act|supplément
effective|efficace
rehabilitation|prisons
unemployment|chômage
advise|province
opens|cycle
PC|province
Oceans|g
performing|partisane
did|4
team|stationnés
Marleau|Robert
hearings|ressorti
expect|satisfaire
Transition|sciences
societies|appartient
brief|bref
century|siècle
unimaginable|imposaient
yes|demeurons
against|contre
united|uni
advanced|partage
old|imposaient
attend|cru
afford|pareil
posted|disponible
including|notamment
45|45
discuss|fournisseur
something|prétend
employment|fédéraux
proposal|prétendu
in|dans
naturally|négociations
framework|médicaments
conducted|conduitM.
1.13|13
collaborate|Équipe
dislocation|graves
only|seulement
specialized|avocats
Valley|exclusivement
years|ans
e|dévelop
name|nom
raises|austérité
talk|prétendu
hopes|espoirs
lot|aspects
contract|plein
Niagara|Centre
Outward|extérieur
Innovation|dotation
tourist|Victoria
spend|désirent
re|réapprovisionnement
Corporate|Avantage
was|était
depart|déroger
basis|anormal
throats|forcez
investment|investissement
diversion|risque
heritage|patrimoine
properly|méthodes
Manning|Preston
Wyman|m.
healthy|bonne
Throne|Trône
element|situations
continuing|continu
allocating|opposerait
Liberal|libéral
Court|Cour
particularly|surtout
Alberta|carcéraux
Crown|vendues
culminate|audacieuse
clarify|préciser
pension|pensions
sensitivity|dépistage
until|demain
technique|anormal
19|pourrais
explore|explorera
commitment|engagement
expand|départ
Wheat|blé
duty|devoir
55|annonce
why|pourquoi
opportunity|occasion
competition|plans
onus|libérer
Public|renouvellement
belongs|appartient
section|paragraphe
internship|stage
(|)
place|endroit
natural|admiration
contrary|tenaient
capitalize|débouchés
Mr.|m
afraid|mal
Affairs|Nord
direct|apportées
Institute|diffusion
per|%
autumn|bienvenue
j|humaines
devoted|consacrera
syndrome|tambour
want|veulent
forecasters|pessimistes
promises|consulterait
Houses|Trône
everyone|dessus
Internal|supplément
's|réfléchissons
distributed|98,355
Languages|langues
colleges|types
Institution|carcéraux
stage|précis
been|été
next|prochaines
Antonio|Robert
pay|prison
endowment|dotation
South|Ind
economic|économiques
fortunately|heureusement
mind|visé
movies|vidéos
cordial|bienvenue
conservation|commence
having|ayant
cut|2,958
bargaining|négociation
videos|vidéos
remains|stimuler
outright|régularisation
grain|fléchir
can|pouvons
myself|présentée
efficiency|remonter
duties|promets
closed|mine
maybe|journaliste
vehicles|ii
streets|sentent
credit|importants
sectors|secteurs
intensive|réclame
according|bâtis
highest|meilleurs
university|delà
drugs|médicaments
demonstrate|rompant
follows|bruit
gave|Windsor
motions|motions
may|peuvent
nearly|ERCO
transition|second
complexity|complexité
newspaper|journaliste
unequalled|xxie
even|continu
Verdun|persuadé
COMMONS|COMMUNES
verifiable|inspirer
hammered|arrivé
itself|renfloue
laudable|visons
given|embranchements
entering|cycle
applied|fiscales
policy|politique
litre|2.8c
dissolved|dissoutes
oil|réduirait
form|servent
maintained|familiales
22|22
Expansion|honnêteté
advancement|technologique
Fort|ville
appears|éminents
refer|irai
while|tandis
manner|prétends
instance|récolte
task|tâche
said|déclaré
afternoon|charabia
global|mondiale
today|hui
Child|prestation
substantive|contient
focussing|mette
face|enjeux
have|ont
Manitoba|Manitoba
contribution|nationales
one|seul
leftists|gauchistes
right|droit
jobs|emplois
agreement|régional
seeking|présentés
future|avenir
d|citoyenneté
Board|Trésor
but|mais
achieved|établies
Chamber|rendent
certainly|irai
commissionners|poursuis
ought|retenir
stricter|bâtis
collectively|décide
assembled|réunis
names|noms
anybody|réadapter
privileges|privilèges
barrier|tiers
considered|considère
elect|articles
exports|fléchir
chosen|êtes
program|programme
third|troisième
bet|tantôt
range|nucléaires
wealth|sûr
Chair|présidence
people|gens
province|priorité
productive|productive
strengthening|renforçant
statements|efforcer
again|trahi
position|position
consist|précisé
continue|poursuivre
preview|fondamentalement
list|liste
compliance|nécessairement
institutions|institutions
many|nombreuses
ready|prêt
amount|Affaires
disease|situer
content|préciserait
exchange|incluront
immigration|immigration
readily|consulterait
across|partout
clarity|transparent
April|avril
little|assuré
positioned|placé
mail|900
expanded|carcéraux
Orders|modifié
Rights|l
accessible|mettrons
revitalize|partagent
crucial|science
particular|destinées
walks|réalisent
senior|pourront
decision|décision
subgovernment|arracher
accurate|exactement
door|tambour
Penner|libérer
bottom|fond
they|ils
appear|manquer
concerned|inquiéter
l|l
Finance|f
Ottawa|Ottawa
distance|imposaient
hands|sort
rapid|tuberculose
polling|ouverts
effectiveness|sciences
encourages|Avantage
Council|éducatifs
seat|conduitM.
competency|travaillions
partner|constructif
add|ajouterais
important|importantes
difficulty|difficultés
moment|réfléchissons
fewer|moins
Millennium|célébration
met|rencontré
magazines|vidéos
qualify|sexuels
difficult|difficile
campaign|libéralisation
either|prétendu
recommendation|trouvait
ghost|ville
course|supplémentaires
charge|blé
number|nombre
though|cinquante
western|importants
improvements|apportées
turn|aériennes
Gentlemen|mesdames
3.29|levée
joining|joindre
lose|écoper
request|demande
determining|modification
native|ni
Disabilities|humaines
welcome|innovateurs
withdrawing|oeufs
lines|lignes
involved|autorités
seen|regrette
Tories|proposent
nothing|rien
''|quatorze
compensated|érosion
investments|continuant
marine|réapprovisionnement
ruled|Cour
else|Beaches
operation|réaffirmé
apply|appliquent
federation|fédération
pass|vapeur
onto|partir
pressure|réduirait
medium|sensiblement
import|importer
factor|importants
whose|appartient
humble|remerciements
rule|étau
Gentleman|noire
cultural|éducatifs
college|modeste
a|un
Service|renouvellement
potential|potentiel
products|produits
readiness|permettront
part|partiel
command|choisi
proud|vaillants
aggressive|cité
standards|normes
strategy|stratégie
athletic|associations
target|visé
assets|érosion
hard|persévérance
budget|février
comment|commenter
proceeds|budgétaire
routine|courantes
July|juillet
paper|donnera
amateur|associations
votes|recueilli
sure|persuadé
Rod|noire
99|1999
encourage|sûr
skills|compétences
pledges|électorales
Defence|anciens
diversity|diversité
hundreds|centaines
actively|coopérative
Program|posture
pride|fierté
leads|social
dissemination|diffusion
for|puis
running|cinquante
Abbotsford|Bloc
fairness|justice
Knowledge|créativité
targeted|vivant
measures|croissants
during|remédier
also|également
Petro|Petro
none|aucune
territory|visité
certain|définir
vigorously|relativement
s|améliorer
hear|bravo
Cabinet|cabinet
f|f
registered|enregistrées
response|réponds
Confederation|Confédération
reported|diminué
housekeeping|contient
entrusted|confiant
Hon.|hypothèse
gone|multiples
proposing|proposent
away|budgétaire
gas|essence
honour|honneur
serving|renouvellement
chief|vacant
supply|CRÉDITS
allowance|familiales
stood|levés
noise|bruit
taxes|voudrait
establishment|priorité
rights|droits
duly|élu
madam|madame
commercialize|sensiblement
describing|géographiques
generally|fondamentaux
/|Mesdames
simply|simplement
1985|28
Northern|Nord
desire|désir
institute|250,000
broad|démarche
35|dissoutes
Revised|supplément
voted|voté
disillusioned|dernièrement
need|besoin
farm|agricole
breaking|imposaient
investigation|contradiction
piece|Indiens
receiving|instances
70|annuel
dollars|pensent
energy|collectif
considerable|acquis
stolen|quel
advance|langue
vibrant|léguer
301|bienvenue
kind|instances
carpenters|Moncton
over|fil
existence|Division
finances|cycle
legislation|déposera
PT7|puissance
principle|principe
stock|tenu
coasted|crise
mecca|Victoria
wait|pluies
projected|fléchir
were|étaient
preside|présider
Assistant|adjointe
Pension|aînés
DREE|Affaires
shops|fin
laws|mauvaises
No.|no
manufacture|possèdent
between|entre
chapter|articles
experiences|influence
Forces|amènent
days|jours
suggestions|originales
hearing|Cour
counterparts|relations
consultation|province
maintenance|entretien
came|hausse
cost|coût
Sea|mer
choice|rapporter
27|dissoutes
doors|gauche
1994|illustre
HOUSE|TRAVAUX
simultaneously|étau
come|bâtiment
programs|programmes
suggesting|voudrait
reading|lecture
adoption|formerons
toward|social
Persons|humaines
elementary|élémentaire
longest|21
those|penser
groups|enregistrées
safe|sécurité
music|vidéos
libraries|paliers
Motion|no
these|ces
oppose|opposerait
.5|5
equalization|péréquation
Soviet|inspirer
higher|supérieur
backs|austérité
administer|remonter
preserving|protéger
context|retenir
general|généraux
call|appel
answered|assuré
short|règne
offer|offert
schism|provoquer
inflow|pensent
Future|défi
full|déposé
equip|capables
crime|crime
former|ancien
opinion|portera
take|prendre
priorities|priorités
when|quand
bad|mauvaises
hon.|Lehon.
isolation|séparément
tools|disposition
emissions|mondiaux
production|carcéraux
cause|embarcations
experience|expérience
justice|intégrera
along|courantes
Food|agroalimentaire
representative|Bloc
earning|35,000
substantial|somme
85|fléchir
Justice|l
HANSARD|NUMÉRO
Lamer|Robert
concerning|tantôt
Bergeron|Bloc
drug|brise
boring|ennuyer
desires|désir
Order|paragraphe
sustained|soutenue
-|long
collapsed|éclipsé
attendance|rende
saw|trahi
prostitutes|seules
party|précis
squeeze|étau
election|élections
partisan|partisane
Auditor|Vérificateur
purposes|fins
2000|mettrons
INTERNAL|BUREAU
regulations|règlements
prepared|préparés
industry|industrie
mean|35,000
transforming|transforme
figure|expressions
Conservatives|tenaient
straightforward|articles
becoming|industriels
Treaty|préalablement
assess|permettront
revive|remonter
enhancing|protéger
beings|solliciteur
progress|progrès
previously|budgétés
cent|%
beef|régularisation
common|espace
track|brut
OFFICE|De
ourselves|abondance
view|acceptons
GDP|brut
violent|répétera
glad|heureux
Accord|2.8c
reiterated|réaffirmé
SESSION|SESSION
accept|pensons
ideas|idées
implications|étudié
objectives|relance
creativity|créativité
positive|note
Statutes|supplément
State|cinquante
leading|dotation
C|C
wants|veut
level|niveau
indefinitely|entretien
lowest|1938
allowing|comporter
hand|assuré
fashion|coopérative
Rail|chemins
consultations|relance
downward|brut
20,000|2,958
20|XXe
counting|dépouillement
committee|comité
confirm|plu
AIB|CAI
exhibits|répondant
segments|servent
type|quant
increase|augmenter
incident|effectuées
around|train
Sir|recommande
every|visité
levels|niveaux
experiment|expérimenter
territories|sociaux
lead|ferons
review|Cour
airline|aériennes
handling|courantes
eligibility|365
passenger|taxi
tundra|amicale
power|pouvoirs
Americans|1,122,000
Cochrane|libérer
aspirations|inspirerons
Governor|Gouverneur
using|collectif
lesson|Windsor
wishes|partisane
search|promptitude
balanced|intelligence
invests|investit
professionals|imposées
yesterday|trahi
current|dépistage
climate|climat
seats|sièges
engages|renfloue
officially|secrétaire
displays|cesser
Sustainable|dévelop
says|collègue
offices|98,355
powers|présentés
based|fondés
15|2,958
Indian|Indiens
new|nouvelles
agreed|adoptée
Aboriginal|autochtones
determined|fondées
intents|rues
divorced|1,122,000
faulty|argument
branches|embranchements
transparency|transparence
stressed|cité
volunteers|bénévoles
business|affaires
renewed|renouvelé
timetable|calendrier
Commission|aussitôt
innovative|innovatrices
reference|respecté
idea|audacieuse
emerging|défis
richness|xxie
original|initial
great|déférence
smooth|consacrera
Kilger|Bloc
agenda|truchement
United|boisseau
Airport|extrémité
workers|confinées
computers|réseau
way|coopérer
PT6|puissance
issues|questions
advice|refusé
employees|langue
whole|parlementaire
will|aura
A|déroger
remainder|Affaires
reserves|partir
distinguished|sexuels
reality|représentation
area|éloigner
fourth|quatrième
White|Bloc
declare|choisi
treated|séparément
overcome|sacrifices
rise|invoque
engage|techniques
parliamentarians|parlementaires
print|lettres
ballot|tour
predictability|transparence
however|toutefois
seem|négociation
Department|ministère
weapons|paroles
Baldwin|Baldwin
deemed|lu
ghettos|confinées
resulting|supérieur
curtains|gauche
Russell|Prescott
mentor|présence
booths|ouverts
introduced|revenir
individuals|permanent
fit|fournisseur
businesses|entreprises
hold|allez
plan|plan
free|libérer
effort|effort
Claude|Drouin
Lester|Nobel
direction|excuses
medically|médicaments
favourable|localité
region|promptitude
sold|vendues
return|revenons
Three|ii
attracting|capitaux
outcome|élargi
Black|noire
issue|donnera
include|fédérales
tomorrow|demain
Special|Division
Commons|communes
technology|technologie
brings|dernièrement
directly|directement
person|levés
regardless|indépendamment
priority|considérée
VIA|entretien
meeting|réunion
character|bâtir
company|ERCO
hotel|ville
magnificent|magnifique
its|ses
voting|isoloirs
9|9p.
revised|alphabétique
immediate|rende
see|porté
themselves|appliquent
lives|sains
functions|amènent
honourable|rende
wetlands|9p.
Davenport|présider
completely|pluies
voters|900
nine|neuf
by|établissant
90|bienvenue
Corporation|occupons
500|500
completion|34
overs|reprennent
collaboration|collaboration
policies|explorera
processing|embarcations
status|modifie
skilled|importer
Elections|trouvait
clear|faits
k|k
document|oblige
highly|puissance
applauded|levés
revenue|fiscales
1960s|piastre
focus|appartient
the|le
delight|magnifique
newly|bienvenue
had|fil
N|Turner
confusing|présente
suspending|précise
sacrificed|sacrifices
took|février
living|donneront
drinks|essence
submit|prétends
opposition|oppose
Farm|occupons
Stronger|fort
admit|bonnes
excellence|modeste
multiply|conjuguant
appropriately|types
Brunswick|mine
am|mal
seriously|relations
anti|illustre
100|offert
his|promesse
government|gouverner
restructuring|restructuration
land|terres
agent|surveillance
candidates|candidats
strengthen|renforcer
improve|partout
Snowbirds|stationnés
returned|revenus
message|chante
recognizes|budgétés
annum|annuel
jointly|commun
talking|gazoduc
Party|parti
strengths|atouts
illustrate|préalablement
doom|pessimistes
revolution|transforme
interest|intérêt
ships|vaillants
results|résultats
space|espace
truly|visons
writs|dissoutes
vote|voter
provide|instants
swept|budgétaire
figures|5
spirit|esprit
sorry|regrette
another|inspirerons
premise|hypothèse
learn|apprentissage
Children|investir
account|préparé
gauge|élargi
closer|collaborer
think|pense
nation|infrastructure
year|année
others|mer
speech|discours
story|contribution
Citizenship|citoyenneté
let|permettez
leaders|leaders
openness|pragmatisme
feeling|seules
industrial|plans
Bow|Taylor
fate|sort
knowledge|savoir
transacting|paliers
collective|négociation
cited|oblige
seems|semble
Sitting|suspension
then|expliqué
burning|chauffait
celebrate|espoirs
visit|amènent
families|familles
12.10|10
food|alimentaire
stake|relevé
charged|imposées
reached|imagine
Members|membres
indicated|signalé
birthday|Nobel
clean|charabia
moratorium|forcez
lists|précisé
parents|célibataires
infrastructure|infrastructure
annually|ERCO
Deputy|vice
annual|sociaux
democracy|démocratie
applications|demandes
shampoo|essence
needed|réussir
happened|effectuées
Nunziata|Nunziata
he|laissait
available|disponibles
project|juillet
accountability|transparence
just|figurent
deterrent|accorder
more|plus
stimulating|stimuler
Carter|piastre
respective|gauche
each|chaque
alerting|passé
evaluated|élémentaire
reclaim|populations
engines|puissance
aware|persévérance
exactly|exactement
society|société
majority|majorité
quote|journaliste
cruel|comédie
big|importants
prevention|prévention
spoke|réunions
primarily|néglige
insurance|assurance
Speaker|Président
anywhere|fermement
try|essaierons
ORDERS|RÈGLEMENT
removal|motivé
of|avoir
